rank,group,video_id,uploader,likes,comments,views,shares,engagement_score,title,duration_s,source_file,is_viral_proxy
10,top,7219026508239686954,6751051329931609094,2000000,7103,18000000,31700,2014206,Hype House is going through some changes. Thank you all for supportin...,8,/Users/jolanda/Desktop/Study/Project_Algorithmus/Viralitaetsanalyse-main/tiktok_100_vs_100/Top_100/top_metadata.json,1
19,top,7231352152743152942,6751051329931609094,1500000,1492,15300000,18500,1502984,I somehow got unbreakable hangers,28,/Users/jolanda/Desktop/Study/Project_Algorithmus/Viralitaetsanalyse-main/tiktok_100_vs_100/Top_100/top_metadata.json,1
89,normal,7236485370542624042,6751051329931609094,87600,213,4000000,340,88026,Rate our mini house #MakingMyWay,18,/Users/jolanda/Desktop/Study/Project_Algorithmus/Viralitaetsanalyse-main/tiktok_100_vs_100/Normal_100/normal_metadata.json,0
22,normal,7239370205254929710,6751051329931609094,47900,222,3700000,181,48344,#ad Are you team chipIN or team chipOUT? @lays #chipinchipout  #STAYG...,38,/Users/jolanda/Desktop/Study/Project_Algorithmus/Viralitaetsanalyse-main/tiktok_100_vs_100/Normal_100/normal_metadata.json,0
44,normal,7303636279936322862,6751051329931609094,59100,214,8300000,155,59528,How would you do gift wrapping without seeing?🎁 Discover amazing find...,61,/Users/jolanda/Desktop/Study/Project_Algorithmus/Viralitaetsanalyse-main/tiktok_100_vs_100/Normal_100/normal_metadata.json,0
38,normal,7396801365420461358,6539853526925841423,52700,224,3100000,368,53148,pool day,15,/Users/jolanda/Desktop/Study/Project_Algorithmus/Viralitaetsanalyse-main/tiktok_100_vs_100/Normal_100/normal_metadata.json,0
80,normal,7397877687269772574,6539853526925841423,32200,471,4300000,160,33142,had the most amazing time launching our @D’Amelio Footwear collection...,30,/Users/jolanda/Desktop/Study/Project_Algorithmus/Viralitaetsanalyse-main/tiktok_100_vs_100/Normal_100/normal_metadata.json,0
14,top,7400546786047298846,6539853526925841423,1900000,1805,20100000,17000,1903610,TikTok video #7400546786047298846,9,/Users/jolanda/Desktop/Study/Project_Algorithmus/Viralitaetsanalyse-main/tiktok_100_vs_100/Top_100/top_metadata.json,1
18,normal,7413886018639744286,6539853526925841423,26500,253,3800000,477,27006,my @Chopard ice cube stack,18,/Users/jolanda/Desktop/Study/Project_Algorithmus/Viralitaetsanalyse-main/tiktok_100_vs_100/Normal_100/normal_metadata.json,0
40,normal,7416040047637433630,6539853526925841423,27500,232,3800000,191,27964,grwm @BOSS ,10,/Users/jolanda/Desktop/Study/Project_Algorithmus/Viralitaetsanalyse-main/tiktok_100_vs_100/Normal_100/normal_metadata.json,0
96,normal,7417155830354677022,6539853526925841423,84500,364,5400000,702,85228,👽 @Diesel #DieselSS25,13,/Users/jolanda/Desktop/Study/Project_Algorithmus/Viralitaetsanalyse-main/tiktok_100_vs_100/Normal_100/normal_metadata.json,0
48,normal,7418187878360026399,6539853526925841423,62200,373,5900000,408,62946,milan fittings ☑️☑️☑️,56,/Users/jolanda/Desktop/Study/Project_Algorithmus/Viralitaetsanalyse-main/tiktok_100_vs_100/Normal_100/normal_metadata.json,0
55,normal,7418609202073046302,6539853526925841423,111100,535,7800000,767,112170,the fitting vs the final look @BOSS  @Versace  @FERRAGAMO  @Diesel  #...,24,/Users/jolanda/Desktop/Study/Project_Algorithmus/Viralitaetsanalyse-main/tiktok_100_vs_100/Normal_100/normal_metadata.json,0
71,normal,7433507168529304862,6539853526925841423,52200,508,9200000,704,53216,ootd ft. @Chopard ,20,/Users/jolanda/Desktop/Study/Project_Algorithmus/Viralitaetsanalyse-main/tiktok_100_vs_100/Normal_100/normal_metadata.json,0
26,normal,7437523439310654750,6539853526925841423,85000,510,10200000,791,86020,my new collection with @Pull&Bear 😻😻 #pullandbearcommunity ,47,/Users/jolanda/Desktop/Study/Project_Algorithmus/Viralitaetsanalyse-main/tiktok_100_vs_100/Normal_100/normal_metadata.json,0
14,normal,7439471913715485998,6751051329931609094,78900,694,18500000,1248,80288,Join the #TalkieChallenge and prank your friends with AI characters l...,84,/Users/jolanda/Desktop/Study/Project_Algorithmus/Viralitaetsanalyse-main/tiktok_100_vs_100/Normal_100/normal_metadata.json,0
72,top,7456887093139164458,209793,501900,1369,4300000,7746,504638,uhhhhhhhhhh,15,/Users/jolanda/Desktop/Study/Project_Algorithmus/Viralitaetsanalyse-main/tiktok_100_vs_100/Top_100/top_metadata.json,1
1,top,7461297586738154798,6751051329931609094,8500000,22800,79400000,504800,8545600,Goodbye TikTok 🫡,12,/Users/jolanda/Desktop/Study/Project_Algorithmus/Viralitaetsanalyse-main/tiktok_100_vs_100/Top_100/top_metadata.json,1
18,top,7461341656470637867,209793,1700000,5303,9000000,62300,1710606,I’m gonna cry,15,/Users/jolanda/Desktop/Study/Project_Algorithmus/Viralitaetsanalyse-main/tiktok_100_vs_100/Top_100/top_metadata.json,1
17,top,7461348964126706987,209793,1700000,5462,9900000,58800,1710924,TikTok video #7461348964126706987,15,/Users/jolanda/Desktop/Study/Project_Algorithmus/Viralitaetsanalyse-main/tiktok_100_vs_100/Top_100/top_metadata.json,1
24,top,7461455484957216046,6751051329931609094,1400000,2076,22800000,13600,1404152,Fun fact: 42 people were apart of Hype House over 5 years. ,7,/Users/jolanda/Desktop/Study/Project_Algorithmus/Viralitaetsanalyse-main/tiktok_100_vs_100/Top_100/top_metadata.json,1
47,normal,7463295674528828718,209793,21400,321,959400,147,22042,THANK YOU TIMOTHEE  #acompleteunknown @Searchlight Pictures ,111,/Users/jolanda/Desktop/Study/Project_Algorithmus/Viralitaetsanalyse-main/tiktok_100_vs_100/Normal_100/normal_metadata.json,0
23,top,7477048558412139806,6539853526925841423,1400000,3715,18400000,76400,1407430,@griffinjohnson ,14,/Users/jolanda/Desktop/Study/Project_Algorithmus/Viralitaetsanalyse-main/tiktok_100_vs_100/Top_100/top_metadata.json,1
27,top,7481081623962733867,6748458643983238149,1300000,7703,15600000,13500,1315406,Lmfao,9,/Users/jolanda/Desktop/Study/Project_Algorithmus/Viralitaetsanalyse-main/tiktok_100_vs_100/Top_100/top_metadata.json,1
16,top,7481463647085088043,6748458643983238149,1700000,11400,17200000,70300,1722800,Englishera halata🇵🇭,15,/Users/jolanda/Desktop/Study/Project_Algorithmus/Viralitaetsanalyse-main/tiktok_100_vs_100/Top_100/top_metadata.json,1
92,normal,7481987417357012267,209793,68900,404,1300000,328,69708,GUESS WHERE I AM,15,/Users/jolanda/Desktop/Study/Project_Algorithmus/Viralitaetsanalyse-main/tiktok_100_vs_100/Normal_100/normal_metadata.json,0
64,normal,7483001771346922794,6524904798586672143,10600,218,540700,452,11036,the beatboxing gamer is at it again 🗣️🎯 #instagrampartner ,42,/Users/jolanda/Desktop/Study/Project_Algorithmus/Viralitaetsanalyse-main/tiktok_100_vs_100/Normal_100/normal_metadata.json,0
31,normal,7483004941213322542,6524904798586672143,15900,676,867800,5105,17252,one question 🗣️🤡 #instagrampartner ,18,/Users/jolanda/Desktop/Study/Project_Algorithmus/Viralitaetsanalyse-main/tiktok_100_vs_100/Normal_100/normal_metadata.json,0
70,normal,7483228758514896174,6524904798586672143,63900,1289,2100000,16200,66478,chicken banana beatbox 🗣️🐔🍌,15,/Users/jolanda/Desktop/Study/Project_Algorithmus/Viralitaetsanalyse-main/tiktok_100_vs_100/Normal_100/normal_metadata.json,0
85,normal,7486292240898411822,6524904798586672143,24000,654,1300000,3209,25308,Chicken Banana Live Sample Beatbox Remix w/ @BandLab 🗣️🐓🍌🎶,46,/Users/jolanda/Desktop/Study/Project_Algorithmus/Viralitaetsanalyse-main/tiktok_100_vs_100/Normal_100/normal_metadata.json,0
64,top,7491043786580135214,6748458643983238149,601600,3753,22700000,3268,609106,Let’s go to the studio with my @Vans Super Lowpro💗 #vanspartner ,19,/Users/jolanda/Desktop/Study/Project_Algorithmus/Viralitaetsanalyse-main/tiktok_100_vs_100/Top_100/top_metadata.json,1
25,top,7491859948490607918,6539853526925841423,1400000,1413,33500000,7873,1402826,la nights with @H&M #hm #ad 🪩,67,/Users/jolanda/Desktop/Study/Project_Algorithmus/Viralitaetsanalyse-main/tiktok_100_vs_100/Top_100/top_metadata.json,1
43,top,7493024973506792746,6524904798586672143,822300,19800,10900000,265300,861900,Cactus Joker Beatbox 🗣️🌵🤡 More why so serious videos exclusively on R...,48,/Users/jolanda/Desktop/Study/Project_Algorithmus/Viralitaetsanalyse-main/tiktok_100_vs_100/Top_100/top_metadata.json,1
32,normal,7493294519652224302,6539853526925841423,41600,380,5600000,347,42360,dix in the desert 🌵 @Revolve #REVOLVEfestival #REVOLVEpartner,33,/Users/jolanda/Desktop/Study/Project_Algorithmus/Viralitaetsanalyse-main/tiktok_100_vs_100/Normal_100/normal_metadata.json,0
30,normal,7493347618081475886,209793,37900,632,1300000,533,39164,TikTok video #7493347618081475886,12,/Users/jolanda/Desktop/Study/Project_Algorithmus/Viralitaetsanalyse-main/tiktok_100_vs_100/Normal_100/normal_metadata.json,0
26,top,7494637665753713942,127905465618821121,1300000,19800,21400000,30100,1339600,"My bad man , I was training 🥷🏾#learnfromkhaby #comedy",16,/Users/jolanda/Desktop/Study/Project_Algorithmus/Viralitaetsanalyse-main/tiktok_100_vs_100/Top_100/top_metadata.json,1
73,top,7497125916095860014,6748458643983238149,489400,6772,10600000,12900,502944,Leron Leron Sinta🎶 Bella’s version lol humanap ka nlng ng iba,51,/Users/jolanda/Desktop/Study/Project_Algorithmus/Viralitaetsanalyse-main/tiktok_100_vs_100/Top_100/top_metadata.json,1
29,top,7498051752504151339,6748458643983238149,1100000,5996,15600000,14100,1111992,My cat is a star🐱new reel on IG. link in bio before he unfollows me !!,5,/Users/jolanda/Desktop/Study/Project_Algorithmus/Viralitaetsanalyse-main/tiktok_100_vs_100/Top_100/top_metadata.json,1
100,top,7498461301472070954,6748458643983238149,339500,4580,11500000,5047,348660,More omnichord content on IG reels🤍 follow me there !!,15,/Users/jolanda/Desktop/Study/Project_Algorithmus/Viralitaetsanalyse-main/tiktok_100_vs_100/Top_100/top_metadata.json,1
36,top,7500017699733425438,6748458643983238149,979300,8117,20700000,8448,995534,#philippines 🇵🇭,62,/Users/jolanda/Desktop/Study/Project_Algorithmus/Viralitaetsanalyse-main/tiktok_100_vs_100/Top_100/top_metadata.json,1
61,top,7501786655280336150,127905465618821121,630400,10100,8800000,4329,650600,Arriving in style at the Met Gala with BOSS #beyourownboss ,22,/Users/jolanda/Desktop/Study/Project_Algorithmus/Viralitaetsanalyse-main/tiktok_100_vs_100/Top_100/top_metadata.json,1
48,top,7503547470006226198,127905465618821121,756500,14600,11400000,8062,785700,You can try it this way too #learnfromkhaby #comedy,33,/Users/jolanda/Desktop/Study/Project_Algorithmus/Viralitaetsanalyse-main/tiktok_100_vs_100/Top_100/top_metadata.json,1
22,top,7505030969712217366,127905465618821121,1400000,18000,22200000,24900,1436000,Level ♾️#learnfromkhaby #comedy ,20,/Users/jolanda/Desktop/Study/Project_Algorithmus/Viralitaetsanalyse-main/tiktok_100_vs_100/Top_100/top_metadata.json,1
81,normal,7506715561590803758,6524904798586672143,50900,949,1500000,1269,52798,Ggs I guess,18,/Users/jolanda/Desktop/Study/Project_Algorithmus/Viralitaetsanalyse-main/tiktok_100_vs_100/Normal_100/normal_metadata.json,0
91,normal,7506899936903007531,6524904798586672143,43400,1079,1100000,13600,45558,Why so serious Darth Vader? 😂🤡 More exclusive content on reels #insta...,55,/Users/jolanda/Desktop/Study/Project_Algorithmus/Viralitaetsanalyse-main/tiktok_100_vs_100/Normal_100/normal_metadata.json,0
5,normal,7506913208318496046,6524904798586672143,43000,1983,1500000,9813,46966,Parrot laugh emoji beatbox 🦜🤡 More exclusive content on reels #instag...,47,/Users/jolanda/Desktop/Study/Project_Algorithmus/Viralitaetsanalyse-main/tiktok_100_vs_100/Normal_100/normal_metadata.json,0
52,top,7511706784608898326,127905465618821121,720500,11100,14000000,16100,742700,"Sorry teacher, I am never going to bring my phone to school again#lea...",21,/Users/jolanda/Desktop/Study/Project_Algorithmus/Viralitaetsanalyse-main/tiktok_100_vs_100/Top_100/top_metadata.json,1
63,normal,7513261762968341806,6703550784929793030,105400,326,5500000,1297,106052,SUMMER FOREVERRRRR🩵💛💜💓💓💓🎀🎇🎀🎇💟💟🩵🩵🩵 @ Matchaful ,31,/Users/jolanda/Desktop/Study/Project_Algorithmus/Viralitaetsanalyse-main/tiktok_100_vs_100/Normal_100/normal_metadata.json,0
76,top,7513391798920989998,6703550784929793030,487100,672,9900000,4192,488444,The making of Money is Everything ❤️❤️❤️💸💰💸💵💵💰💰💰,29,/Users/jolanda/Desktop/Study/Project_Algorithmus/Viralitaetsanalyse-main/tiktok_100_vs_100/Top_100/top_metadata.json,1
49,top,7513647103558585643,6703550784929793030,756800,1472,13900000,11600,759744,Round 2 in London??? 🥀⚖️🥀⚖️🪷🪷📦📦📦📦📦 I wanna perform for youuuuuu,15,/Users/jolanda/Desktop/Study/Project_Algorithmus/Viralitaetsanalyse-main/tiktok_100_vs_100/Top_100/top_metadata.json,1
88,normal,7513980049121611054,6703550784929793030,119500,783,16000000,912,121066,times like these bts to real life… 💕 can’t get enough of @Armani beau...,14,/Users/jolanda/Desktop/Study/Project_Algorithmus/Viralitaetsanalyse-main/tiktok_100_vs_100/Normal_100/normal_metadata.json,0
94,top,7515067489852673323,6703550784929793030,371900,890,10200000,2307,373680,I am the luckiest girl in the world 🔮🎀🎇🩵🌷⚜️🪷💟⚖️🌛,44,/Users/jolanda/Desktop/Study/Project_Algorithmus/Viralitaetsanalyse-main/tiktok_100_vs_100/Top_100/top_metadata.json,1
4,top,7515083249782181163,6703550784929793030,3700000,3946,33300000,73900,3707892,Had to @quenblackwell …. Thank you for feeding meeeee❤️,15,/Users/jolanda/Desktop/Study/Project_Algorithmus/Viralitaetsanalyse-main/tiktok_100_vs_100/Top_100/top_metadata.json,1
21,top,7516905495962209558,127905465618821121,1400000,21800,13400000,12500,1443600,"Yes, it was a good dream… I dribbled Neymar. Then I woke up and he to...",22,/Users/jolanda/Desktop/Study/Project_Algorithmus/Viralitaetsanalyse-main/tiktok_100_vs_100/Top_100/top_metadata.json,1
100,normal,7516938565066951991,6524904798586672143,22500,671,865100,5673,23842,BTS making a joker beatbox video 🗣️🤡 more why so serious videos exclu...,39,/Users/jolanda/Desktop/Study/Project_Algorithmus/Viralitaetsanalyse-main/tiktok_100_vs_100/Normal_100/normal_metadata.json,0
67,normal,7516941123676294430,934514,14300,134,464500,184,14568,my life is not real,83,/Users/jolanda/Desktop/Study/Project_Algorithmus/Viralitaetsanalyse-main/tiktok_100_vs_100/Normal_100/normal_metadata.json,0
84,normal,7517661384499301687,6524904798586672143,34600,906,1400000,16100,36412,These gamers are way too serious 🤡😭 More exclusive content on reels #...,41,/Users/jolanda/Desktop/Study/Project_Algorithmus/Viralitaetsanalyse-main/tiktok_100_vs_100/Normal_100/normal_metadata.json,0
75,top,7518015832954326294,127905465618821121,475700,8809,7200000,3625,493318,"Free Exclusive Minecraft Character items – Frog Mask, Glow Squid Hood...",38,/Users/jolanda/Desktop/Study/Project_Algorithmus/Viralitaetsanalyse-main/tiktok_100_vs_100/Top_100/top_metadata.json,1
57,normal,7518459843343060238,209793,13500,306,536200,161,14112,PLEASE LET ME KNOW IF YOU TRY MY GUT HEALTH SALAD🫜🥗 🤭 !!!!!!!!!!!! ♥️...,132,/Users/jolanda/Desktop/Study/Project_Algorithmus/Viralitaetsanalyse-main/tiktok_100_vs_100/Normal_100/normal_metadata.json,0
99,top,7520613613476826390,127905465618821121,331300,10500,5600000,8097,352300,I got you bro 👍🏿#learnfromkhaby #comedy,54,/Users/jolanda/Desktop/Study/Project_Algorithmus/Viralitaetsanalyse-main/tiktok_100_vs_100/Top_100/top_metadata.json,1
38,top,7521737810315939085,6703550784929793030,926700,2545,12100000,16400,931790,I’m opening for Lana in 3 days… 🥹🦋🥹🦋🥹🦋🥹🦋🥹 ,17,/Users/jolanda/Desktop/Study/Project_Algorithmus/Viralitaetsanalyse-main/tiktok_100_vs_100/Top_100/top_metadata.json,1
98,top,7522839955991956759,127905465618821121,343800,6577,6100000,5584,356954,"Maybe tomorrow , or maybe never…#learnfromkhaby #comedy ",29,/Users/jolanda/Desktop/Study/Project_Algorithmus/Viralitaetsanalyse-main/tiktok_100_vs_100/Top_100/top_metadata.json,1
33,normal,7523247946826075422,934514,86700,207,1300000,665,87114,thank god i decided to see an 80s cover band on a random monday,13,/Users/jolanda/Desktop/Study/Project_Algorithmus/Viralitaetsanalyse-main/tiktok_100_vs_100/Normal_100/normal_metadata.json,0
56,normal,7524003882544926007,6727327145951183878,18100,556,428200,245,19212,@Jas Davis doesn’t get it… I’m an athlete ,34,/Users/jolanda/Desktop/Study/Project_Algorithmus/Viralitaetsanalyse-main/tiktok_100_vs_100/Normal_100/normal_metadata.json,0
84,top,7524695285293993238,127905465618821121,409900,8300,7600000,5474,426500,I saw you man 👀#learnfromkhaby #comedy ,15,/Users/jolanda/Desktop/Study/Project_Algorithmus/Viralitaetsanalyse-main/tiktok_100_vs_100/Top_100/top_metadata.json,1
2,normal,7525148037694393614,6727327145951183878,58100,1009,746800,8316,60118,"If you need me, I’ll be in Gran Canaria",32,/Users/jolanda/Desktop/Study/Project_Algorithmus/Viralitaetsanalyse-main/tiktok_100_vs_100/Normal_100/normal_metadata.json,0
58,normal,7525596263971114270,934514,76600,251,1100000,3376,77102,me and the lipstick on my chin are broken @brooketaylorkier ,10,/Users/jolanda/Desktop/Study/Project_Algorithmus/Viralitaetsanalyse-main/tiktok_100_vs_100/Normal_100/normal_metadata.json,0
74,normal,7526832928811207991,209793,42000,212,559900,189,42424,our emotions are never too much!!!!!!!!!!!!!!!!!!!!!! 😭😭😭😭♥️♥️♥️♥️✨✨✨...,73,/Users/jolanda/Desktop/Study/Project_Algorithmus/Viralitaetsanalyse-main/tiktok_100_vs_100/Normal_100/normal_metadata.json,0
41,top,7527278440291126550,127905465618821121,869200,10000,20600000,7320,889200,It's all a matter of perspective #learnfromkhaby #comedy ,37,/Users/jolanda/Desktop/Study/Project_Algorithmus/Viralitaetsanalyse-main/tiktok_100_vs_100/Top_100/top_metadata.json,1
52,normal,7527804631657794846,934514,62500,236,1300000,475,62972,time to log off ,9,/Users/jolanda/Desktop/Study/Project_Algorithmus/Viralitaetsanalyse-main/tiktok_100_vs_100/Normal_100/normal_metadata.json,0
70,top,7528058390535310605,209793,535000,1681,4000000,5386,538362,why i wasn’t in zombies 4 ♥️,28,/Users/jolanda/Desktop/Study/Project_Algorithmus/Viralitaetsanalyse-main/tiktok_100_vs_100/Top_100/top_metadata.json,1
20,normal,7528464534936358199,209793,55500,287,800100,357,56074,🩶,27,/Users/jolanda/Desktop/Study/Project_Algorithmus/Viralitaetsanalyse-main/tiktok_100_vs_100/Normal_100/normal_metadata.json,0
39,top,7528483160141597982,6748458643983238149,865900,14100,16800000,150800,894100,Beacon abogado✨,10,/Users/jolanda/Desktop/Study/Project_Algorithmus/Viralitaetsanalyse-main/tiktok_100_vs_100/Top_100/top_metadata.json,1
85,top,7530273378234649878,127905465618821121,401500,10300,9100000,16800,422100,Here some options 👍🏿  #comedy #learnfromkhaby ,44,/Users/jolanda/Desktop/Study/Project_Algorithmus/Viralitaetsanalyse-main/tiktok_100_vs_100/Top_100/top_metadata.json,1
81,top,7530978492717190455,6745191554350760966,439100,5383,3700000,12500,449866,"Rest in Peace, Terry Bollea aka The Immortal Hulk Hogan 🕊️💐 To millio...",75,/Users/jolanda/Desktop/Study/Project_Algorithmus/Viralitaetsanalyse-main/tiktok_100_vs_100/Top_100/top_metadata.json,1
67,top,7531096947776671006,6751051329931609094,585900,5374,7500000,27400,596648,Tag someone you’d wanna see join.  I’m considering reviving Hype Hous...,7,/Users/jolanda/Desktop/Study/Project_Algorithmus/Viralitaetsanalyse-main/tiktok_100_vs_100/Top_100/top_metadata.json,1
21,normal,7532257687514451213,6727327145951183878,23000,890,421900,395,24780,I think we got it,17,/Users/jolanda/Desktop/Study/Project_Algorithmus/Viralitaetsanalyse-main/tiktok_100_vs_100/Normal_100/normal_metadata.json,0
97,top,7532465100771413270,127905465618821121,341000,9623,8300000,5501,360246,Maybe tomorrow #comedy #learnfromkhaby #gym ,31,/Users/jolanda/Desktop/Study/Project_Algorithmus/Viralitaetsanalyse-main/tiktok_100_vs_100/Top_100/top_metadata.json,1
5,top,7532593973144210743,6745191554350760966,3100000,67700,31600000,279500,3235400,I’ve learned over time that you look back on life’s decisions and say...,42,/Users/jolanda/Desktop/Study/Project_Algorithmus/Viralitaetsanalyse-main/tiktok_100_vs_100/Top_100/top_metadata.json,1
69,normal,7533276670954884407,6727327145951183878,91200,1384,900300,7012,93968,Dance like nobody’s watchin’. Even though everybody’s watchin’,21,/Users/jolanda/Desktop/Study/Project_Algorithmus/Viralitaetsanalyse-main/tiktok_100_vs_100/Normal_100/normal_metadata.json,0
51,normal,7533277722089442590,934514,21100,168,897100,142,21436,so much pressure and for what anyway follow my ig @ loren ,6,/Users/jolanda/Desktop/Study/Project_Algorithmus/Viralitaetsanalyse-main/tiktok_100_vs_100/Normal_100/normal_metadata.json,0
58,top,7533687190707047701,6596805238354558982,656000,14300,8000000,12200,684600,Hola que hacen? ,15,/Users/jolanda/Desktop/Study/Project_Algorithmus/Viralitaetsanalyse-main/tiktok_100_vs_100/Top_100/top_metadata.json,1
31,top,7533694357220707605,6596805238354558982,980000,16600,12400000,11100,1013200,🫶🏻,15,/Users/jolanda/Desktop/Study/Project_Algorithmus/Viralitaetsanalyse-main/tiktok_100_vs_100/Top_100/top_metadata.json,1
73,normal,7535131930182815031,6727327145951183878,27100,334,490600,260,27768,Dancing with your kids is an indescribable joy!! Glad I could be a pa...,21,/Users/jolanda/Desktop/Study/Project_Algorithmus/Viralitaetsanalyse-main/tiktok_100_vs_100/Normal_100/normal_metadata.json,0
59,normal,7535597272009116958,934514,47900,517,813500,514,48934,feels like leveling up in a video game help i’m scared and confused w...,55,/Users/jolanda/Desktop/Study/Project_Algorithmus/Viralitaetsanalyse-main/tiktok_100_vs_100/Normal_100/normal_metadata.json,0
83,top,7535822781108194582,127905465618821121,416600,8141,9100000,6988,432882,Nothing personal 🚶🏿🫶🏾#learnfromkhaby #comedy ,25,/Users/jolanda/Desktop/Study/Project_Algorithmus/Viralitaetsanalyse-main/tiktok_100_vs_100/Top_100/top_metadata.json,1
93,normal,7537411459005828407,6727327145951183878,61900,671,838300,749,63242,My guy knew the vibes 🫡 ,16,/Users/jolanda/Desktop/Study/Project_Algorithmus/Viralitaetsanalyse-main/tiktok_100_vs_100/Normal_100/normal_metadata.json,0
34,normal,7538142607772257550,6727327145951183878,22700,686,435700,289,24072,Those fries were calling to me,14,/Users/jolanda/Desktop/Study/Project_Algorithmus/Viralitaetsanalyse-main/tiktok_100_vs_100/Normal_100/normal_metadata.json,0
3,top,7538167343642397973,6596805238354558982,4300000,22600,49600000,58100,4345200,en los comentarios ,6,/Users/jolanda/Desktop/Study/Project_Algorithmus/Viralitaetsanalyse-main/tiktok_100_vs_100/Top_100/top_metadata.json,1
9,top,7538175287809379604,6596805238354558982,2000000,27700,28300000,10900,2055400,díganme ustedes ,7,/Users/jolanda/Desktop/Study/Project_Algorithmus/Viralitaetsanalyse-main/tiktok_100_vs_100/Top_100/top_metadata.json,1
6,top,7538179148267703572,6596805238354558982,2200000,14300,25200000,10500,2228600,ya no crezcas Kima 🥹,14,/Users/jolanda/Desktop/Study/Project_Algorithmus/Viralitaetsanalyse-main/tiktok_100_vs_100/Top_100/top_metadata.json,1
20,top,7538184429018041621,6596805238354558982,1400000,22900,13800000,22000,1445800,"ya no soy esa niña que destruyeron tantas veces, lamento que crean to...",14,/Users/jolanda/Desktop/Study/Project_Algorithmus/Viralitaetsanalyse-main/tiktok_100_vs_100/Top_100/top_metadata.json,1
63,top,7538431890357865750,127905465618821121,579800,15100,17000000,14000,610000,👌🏾 perfect #learnfromkhaby #commedy ,46,/Users/jolanda/Desktop/Study/Project_Algorithmus/Viralitaetsanalyse-main/tiktok_100_vs_100/Top_100/top_metadata.json,1
76,normal,7538577100836539703,209793,34000,309,595400,191,34618,TikTok video #7538577100836539703,6,/Users/jolanda/Desktop/Study/Project_Algorithmus/Viralitaetsanalyse-main/tiktok_100_vs_100/Normal_100/normal_metadata.json,0
17,normal,7538643019420142903,6703550784929793030,91400,552,3300000,1085,92504,Rehearsing in my @Reebok @DSW #reebok #ad ,13,/Users/jolanda/Desktop/Study/Project_Algorithmus/Viralitaetsanalyse-main/tiktok_100_vs_100/Normal_100/normal_metadata.json,0
62,top,7539684741776248119,209793,615500,893,5000000,2248,617286,i promise i’m very tough and hardcore,6,/Users/jolanda/Desktop/Study/Project_Algorithmus/Viralitaetsanalyse-main/tiktok_100_vs_100/Top_100/top_metadata.json,1
35,normal,7540363753703869751,6727327145951183878,58200,1439,846500,6484,61078,This edit is not what I had in mind @Jas Davis ,58,/Users/jolanda/Desktop/Study/Project_Algorithmus/Viralitaetsanalyse-main/tiktok_100_vs_100/Normal_100/normal_metadata.json,0
3,normal,7540683047117540663,6727327145951183878,31800,1620,810100,631,35040,Norway’s next… drop your chocolate recs below ,64,/Users/jolanda/Desktop/Study/Project_Algorithmus/Viralitaetsanalyse-main/tiktok_100_vs_100/Normal_100/normal_metadata.json,0
65,top,7541312762547408183,6524904798586672143,572600,17900,10700000,246800,608400,Clownstep beatbox 🗣️🤡 more exclusive content on reels #instagrampartner ,20,/Users/jolanda/Desktop/Study/Project_Algorithmus/Viralitaetsanalyse-main/tiktok_100_vs_100/Top_100/top_metadata.json,1
56,top,7541415269642652941,68616495085350913,715500,1518,19100000,11300,718536,backup camera fail,26,/Users/jolanda/Desktop/Study/Project_Algorithmus/Viralitaetsanalyse-main/tiktok_100_vs_100/Top_100/top_metadata.json,1
47,top,7541499742363110663,6596805238354558982,769700,8813,7700000,5379,787326,Amo guardar recuerdos con mis ojos 🫶🏻 @raybanmeta #RayBanMetaPartner ,61,/Users/jolanda/Desktop/Study/Project_Algorithmus/Viralitaetsanalyse-main/tiktok_100_vs_100/Top_100/top_metadata.json,1
95,normal,7541623233842269470,6524904798586672143,12700,476,1100000,573,13652,Beatbox 1v2 for the dub 🗣️🎶 More exclusive content on reels #instagra...,35,/Users/jolanda/Desktop/Study/Project_Algorithmus/Viralitaetsanalyse-main/tiktok_100_vs_100/Normal_100/normal_metadata.json,0
42,top,7542236120256482574,7445731,874700,1233,17200000,23700,877166,New YouTube video is up where I camouflage in youtuber’s houses😂,23,/Users/jolanda/Desktop/Study/Project_Algorithmus/Viralitaetsanalyse-main/tiktok_100_vs_100/Top_100/top_metadata.json,1
53,top,7542648831586880823,190068318278651904,729700,2462,4900000,9264,734624,so so so happy to be back 🥹🌊⛱️,106,/Users/jolanda/Desktop/Study/Project_Algorithmus/Viralitaetsanalyse-main/tiktok_100_vs_100/Top_100/top_metadata.json,1
90,top,7543753322679864589,190068318278651904,388200,3129,3800000,1366,394458,Replying to @ava.navarro YOU ALL VOTED FOR A HAMMOCK… and you might b...,164,/Users/jolanda/Desktop/Study/Project_Algorithmus/Viralitaetsanalyse-main/tiktok_100_vs_100/Top_100/top_metadata.json,1
39,normal,7544374389890927886,6745191554350760966,107200,4523,2900000,3542,116246,“Act like you’ve been there” 🤪 Trying to stay cool and absorb every s...,69,/Users/jolanda/Desktop/Study/Project_Algorithmus/Viralitaetsanalyse-main/tiktok_100_vs_100/Normal_100/normal_metadata.json,0
2,top,7544520710744558903,7445731,7000000,10100,60900000,624300,7020200,I can’t stop 😩,10,/Users/jolanda/Desktop/Study/Project_Algorithmus/Viralitaetsanalyse-main/tiktok_100_vs_100/Top_100/top_metadata.json,1
28,top,7545647280955690253,190068318278651904,1300000,2813,8300000,25900,1305626,mi princessaaaa 🤭 @Aldo Arturo ,13,/Users/jolanda/Desktop/Study/Project_Algorithmus/Viralitaetsanalyse-main/tiktok_100_vs_100/Top_100/top_metadata.json,1
50,normal,7545914679911107854,6727327145951183878,93500,2054,1100000,3139,97608,Ball is in your court @Kevin Hart ,49,/Users/jolanda/Desktop/Study/Project_Algorithmus/Viralitaetsanalyse-main/tiktok_100_vs_100/Normal_100/normal_metadata.json,0
13,top,7546069423900200247,7445731,1900000,4319,13500000,253000,1908638,Our favorite past time @Dom! ,24,/Users/jolanda/Desktop/Study/Project_Algorithmus/Viralitaetsanalyse-main/tiktok_100_vs_100/Top_100/top_metadata.json,1
28,normal,7546245126356503821,6745191554350760966,115900,2197,1400000,837,120294,World Premiere 🥂 #smashingmachine #bennysafdie  #markkerr  @A24 ,60,/Users/jolanda/Desktop/Study/Project_Algorithmus/Viralitaetsanalyse-main/tiktok_100_vs_100/Normal_100/normal_metadata.json,0
7,normal,7546373233260449038,6745191554350760966,44200,2059,959200,410,48318,I feel like dreams are something we can contextualize. We imagine thi...,32,/Users/jolanda/Desktop/Study/Project_Algorithmus/Viralitaetsanalyse-main/tiktok_100_vs_100/Normal_100/normal_metadata.json,0
40,top,7546649356707876109,7445731,888800,2185,6700000,75500,893170,It’s out of nowhere… ,10,/Users/jolanda/Desktop/Study/Project_Algorithmus/Viralitaetsanalyse-main/tiktok_100_vs_100/Top_100/top_metadata.json,1
10,normal,7546779048593181965,209793,83700,532,794300,2655,84764,long overdue,10,/Users/jolanda/Desktop/Study/Project_Algorithmus/Viralitaetsanalyse-main/tiktok_100_vs_100/Normal_100/normal_metadata.json,0
91,top,7546980162093534478,68616495085350913,387800,1141,8000000,2246,390082,How we got this shot. #filmmaking #behindthescenes ,21,/Users/jolanda/Desktop/Study/Project_Algorithmus/Viralitaetsanalyse-main/tiktok_100_vs_100/Top_100/top_metadata.json,1
95,top,7547911100520467725,7445731,367000,655,3800000,8314,368310,This is so hard Hahaha @Lexi Rivera ,95,/Users/jolanda/Desktop/Study/Project_Algorithmus/Viralitaetsanalyse-main/tiktok_100_vs_100/Top_100/top_metadata.json,1
54,top,7548194770137500941,190068318278651904,722900,3444,5600000,2211,729788,Replying to @C.T95 BALCONY FURNITURE HAS ARRIVED! 🙏🏼🔥 Everybody say T...,188,/Users/jolanda/Desktop/Study/Project_Algorithmus/Viralitaetsanalyse-main/tiktok_100_vs_100/Top_100/top_metadata.json,1
99,normal,7548522029700353293,6727327145951183878,110000,1566,1000000,2002,113132,No one says grace like Ashley Banks 😂,48,/Users/jolanda/Desktop/Study/Project_Algorithmus/Viralitaetsanalyse-main/tiktok_100_vs_100/Normal_100/normal_metadata.json,0
45,top,7548598130665622804,6596805238354558982,780200,11200,9000000,7936,802600,Díganme si ustedes ya probaron esta máscara de pestañas linduras @SHE...,25,/Users/jolanda/Desktop/Study/Project_Algorithmus/Viralitaetsanalyse-main/tiktok_100_vs_100/Top_100/top_metadata.json,1
75,normal,7548837577323711758,6745191554350760966,31000,1389,653500,579,33778,"Here’s our newest trailer for THE SMASHING MACHINE, written and direc...",149,/Users/jolanda/Desktop/Study/Project_Algorithmus/Viralitaetsanalyse-main/tiktok_100_vs_100/Normal_100/normal_metadata.json,0
1,normal,7549938079100931341,68616495085350913,76400,1463,1400000,1570,79326,the heist ,46,/Users/jolanda/Desktop/Study/Project_Algorithmus/Viralitaetsanalyse-main/tiktok_100_vs_100/Normal_100/normal_metadata.json,0
92,top,7550956666187975991,190068318278651904,373200,1539,2600000,15000,376278,#duet with @user  why is this kinda cute 😭,18,/Users/jolanda/Desktop/Study/Project_Algorithmus/Viralitaetsanalyse-main/tiktok_100_vs_100/Top_100/top_metadata.json,1
66,top,7551538774350515511,7445731,606500,790,10200000,2866,608080,"Sorry Lexi, I just gotta put the orange juice back😂 @Lexi Rivera ",15,/Users/jolanda/Desktop/Study/Project_Algorithmus/Viralitaetsanalyse-main/tiktok_100_vs_100/Top_100/top_metadata.json,1
29,normal,7551785289518288183,21609287,24600,367,659500,289,25334,Tag your fav or chk BTS video 😝,26,/Users/jolanda/Desktop/Study/Project_Algorithmus/Viralitaetsanalyse-main/tiktok_100_vs_100/Normal_100/normal_metadata.json,0
30,top,7551930941900360981,6596805238354558982,986000,22500,10600000,4629,1031000,¿Les gusta mi nueva sonrisa? 🙈,5,/Users/jolanda/Desktop/Study/Project_Algorithmus/Viralitaetsanalyse-main/tiktok_100_vs_100/Top_100/top_metadata.json,1
82,top,7552180816277769486,68616495085350913,430400,2450,19600000,6379,435300,"Comet makes a great sous chef 👨‍🍳 ☄️ Meet @Perplexity new AI browser,...",39,/Users/jolanda/Desktop/Study/Project_Algorithmus/Viralitaetsanalyse-main/tiktok_100_vs_100/Top_100/top_metadata.json,1
62,normal,7552317372590214431,5831967,77200,1501,5000000,1418,80202,casually running @CeraVe account at #EADV2025! met the coolest dermat...,56,/Users/jolanda/Desktop/Study/Project_Algorithmus/Viralitaetsanalyse-main/tiktok_100_vs_100/Normal_100/normal_metadata.json,0
8,top,7552319522443709716,6596805238354558982,2100000,10300,18900000,13700,2120600,No Capea la güerita 😭 jaja ,15,/Users/jolanda/Desktop/Study/Project_Algorithmus/Viralitaetsanalyse-main/tiktok_100_vs_100/Top_100/top_metadata.json,1
77,top,7552328634359368981,6596805238354558982,476200,5325,4400000,3405,486850,El final jaja ,13,/Users/jolanda/Desktop/Study/Project_Algorithmus/Viralitaetsanalyse-main/tiktok_100_vs_100/Top_100/top_metadata.json,1
44,top,7552333719219031314,6596805238354558982,778900,12000,7000000,8586,802900,así era? 🫠,15,/Users/jolanda/Desktop/Study/Project_Algorithmus/Viralitaetsanalyse-main/tiktok_100_vs_100/Top_100/top_metadata.json,1
59,top,7552941212647361800,6596805238354558982,661500,6698,5700000,7752,674896,Olvidé que grabé este 😳,8,/Users/jolanda/Desktop/Study/Project_Algorithmus/Viralitaetsanalyse-main/tiktok_100_vs_100/Top_100/top_metadata.json,1
88,top,7552987068071267591,6596805238354558982,400000,5117,4100000,2014,410234,Me gusta crear sin complicaciones 😎🎶✨ @raybanmeta #raybanmetapartner ,47,/Users/jolanda/Desktop/Study/Project_Algorithmus/Viralitaetsanalyse-main/tiktok_100_vs_100/Top_100/top_metadata.json,1
24,normal,7553295954502225166,68616495085350913,107000,1154,1700000,1361,109308,If Zach King was the villain…,12,/Users/jolanda/Desktop/Study/Project_Algorithmus/Viralitaetsanalyse-main/tiktok_100_vs_100/Normal_100/normal_metadata.json,0
15,top,7553396193309560071,6596805238354558982,1800000,19500,14500000,38100,1839000,"si leíste esto, te amo 🫶🏻",7,/Users/jolanda/Desktop/Study/Project_Algorithmus/Viralitaetsanalyse-main/tiktok_100_vs_100/Top_100/top_metadata.json,1
41,normal,7553422683011091743,6748458643983238149,43400,1266,3300000,448,45932,Back in Milan for @Gucci💜 #GucciTheTiger #GucciLaFamiglia ,20,/Users/jolanda/Desktop/Study/Project_Algorithmus/Viralitaetsanalyse-main/tiktok_100_vs_100/Normal_100/normal_metadata.json,0
69,top,7553427159684156690,6596805238354558982,563200,5923,4400000,3101,575046,Cuidaditoooo Juanito 👁️,13,/Users/jolanda/Desktop/Study/Project_Algorithmus/Viralitaetsanalyse-main/tiktok_100_vs_100/Top_100/top_metadata.json,1
50,top,7553438363085245703,6596805238354558982,737800,9535,6100000,9881,756870,nadie fue obligado a hacer esto 🫣,7,/Users/jolanda/Desktop/Study/Project_Algorithmus/Viralitaetsanalyse-main/tiktok_100_vs_100/Top_100/top_metadata.json,1
46,top,7553465778972937479,6596805238354558982,767900,9887,5300000,6731,787674,Buenas noches 😘,10,/Users/jolanda/Desktop/Study/Project_Algorithmus/Viralitaetsanalyse-main/tiktok_100_vs_100/Top_100/top_metadata.json,1
68,normal,7553693101458541837,6745191554350760966,49600,1133,873100,1857,51866,"Whatever happens from here, I don’t know. But already, this film has ...",30,/Users/jolanda/Desktop/Study/Project_Algorithmus/Viralitaetsanalyse-main/tiktok_100_vs_100/Normal_100/normal_metadata.json,0
57,top,7553724721108389133,6703550784929793030,701500,1090,16900000,5399,703680,Kk byeee see you on stage. @Armani beauty #luminoussilk #armanibeauty...,56,/Users/jolanda/Desktop/Study/Project_Algorithmus/Viralitaetsanalyse-main/tiktok_100_vs_100/Top_100/top_metadata.json,1
71,top,7553827710083009799,6596805238354558982,513600,11500,4600000,5583,536600,final inesperado jaja               @Andrea Cuadros @Jesy Acosta ,15,/Users/jolanda/Desktop/Study/Project_Algorithmus/Viralitaetsanalyse-main/tiktok_100_vs_100/Top_100/top_metadata.json,1
79,normal,7554580140345347359,79609045006872576,23200,56,380700,251,23312,🙂‍↕️🙂‍↕️,91,/Users/jolanda/Desktop/Study/Project_Algorithmus/Viralitaetsanalyse-main/tiktok_100_vs_100/Normal_100/normal_metadata.json,0
11,top,7554767993666915615,934514,2000000,1751,13200000,18000,2003502,rlly needed a minute ,14,/Users/jolanda/Desktop/Study/Project_Algorithmus/Viralitaetsanalyse-main/tiktok_100_vs_100/Top_100/top_metadata.json,1
89,top,7554814344748354830,6703550784929793030,400100,808,4200000,10000,401716,TikTok video #7554814344748354830,11,/Users/jolanda/Desktop/Study/Project_Algorithmus/Viralitaetsanalyse-main/tiktok_100_vs_100/Top_100/top_metadata.json,1
7,top,7554865877619969294,7445731,2200000,2480,14300000,109800,2204960,She’s a 10/10 @Monako🫧 ,6,/Users/jolanda/Desktop/Study/Project_Algorithmus/Viralitaetsanalyse-main/tiktok_100_vs_100/Top_100/top_metadata.json,1
34,top,7555647477790035208,6596805238354558982,977600,13000,9400000,5514,1003600,@KimShantal ✨,6,/Users/jolanda/Desktop/Study/Project_Algorithmus/Viralitaetsanalyse-main/tiktok_100_vs_100/Top_100/top_metadata.json,1
23,normal,7555904765448768781,209793,59200,234,475700,201,59668,i left my house so,11,/Users/jolanda/Desktop/Study/Project_Algorithmus/Viralitaetsanalyse-main/tiktok_100_vs_100/Normal_100/normal_metadata.json,0
32,top,7556001068405050638,190068318278651904,1000000,2752,9400000,6820,1005504,Replying to @Selina Stclair The pots & fountains have arrived for the...,248,/Users/jolanda/Desktop/Study/Project_Algorithmus/Viralitaetsanalyse-main/tiktok_100_vs_100/Top_100/top_metadata.json,1
33,top,7556023299734605111,5831967,1000000,2171,10700000,5954,1004342,i’ll come back anytime trust ,7,/Users/jolanda/Desktop/Study/Project_Algorithmus/Viralitaetsanalyse-main/tiktok_100_vs_100/Top_100/top_metadata.json,1
12,top,7556096007285591351,5831967,1900000,5109,18700000,8569,1910218,@Dancing with the Stars #DWTS ,11,/Users/jolanda/Desktop/Study/Project_Algorithmus/Viralitaetsanalyse-main/tiktok_100_vs_100/Top_100/top_metadata.json,1
55,top,7556358877843868941,7445731,726800,1084,7800000,42600,728968,@Monako🫧 ,6,/Users/jolanda/Desktop/Study/Project_Algorithmus/Viralitaetsanalyse-main/tiktok_100_vs_100/Top_100/top_metadata.json,1
16,normal,7556493693121744142,21609287,16300,277,353800,140,16854,When your about to sleep the whole flight #WhoHurtYou @mrmovi3 ,15,/Users/jolanda/Desktop/Study/Project_Algorithmus/Viralitaetsanalyse-main/tiktok_100_vs_100/Normal_100/normal_metadata.json,0
19,normal,7556592560974646541,6745191554350760966,17300,940,423700,522,19180,In theaters tonight 🌗🎬  Can’t wait to hear your reactions.   Enjoy ou...,15,/Users/jolanda/Desktop/Study/Project_Algorithmus/Viralitaetsanalyse-main/tiktok_100_vs_100/Normal_100/normal_metadata.json,0
36,normal,7556652844523310367,107955,12100,5594,1100000,1148,23288,"what the fans ask for, the fans get 🙂‍↕️ @Adam Barrera breaks down th...",67,/Users/jolanda/Desktop/Study/Project_Algorithmus/Viralitaetsanalyse-main/tiktok_100_vs_100/Normal_100/normal_metadata.json,0
83,normal,7556665618670406925,21609287,34700,645,566700,409,35990,Ferrari or Trunk-space?,18,/Users/jolanda/Desktop/Study/Project_Algorithmus/Viralitaetsanalyse-main/tiktok_100_vs_100/Normal_100/normal_metadata.json,0
42,normal,7556690079058529567,79609045006872576,71700,131,670200,1134,71962,🤞🏽@madi monroe ,14,/Users/jolanda/Desktop/Study/Project_Algorithmus/Viralitaetsanalyse-main/tiktok_100_vs_100/Normal_100/normal_metadata.json,0
35,top,7556996890223463735,68616495085350913,989400,3998,13600000,5924,997396,They say there's an iced coffee at the bottom of the feed @NESCAFÉ US...,35,/Users/jolanda/Desktop/Study/Project_Algorithmus/Viralitaetsanalyse-main/tiktok_100_vs_100/Top_100/top_metadata.json,1
12,normal,7557068031394991415,6524904798586672143,51000,1737,1300000,28500,54474,Why so serious? 🗣️🤡🔥,16,/Users/jolanda/Desktop/Study/Project_Algorithmus/Viralitaetsanalyse-main/tiktok_100_vs_100/Normal_100/normal_metadata.json,0
27,normal,7557131004574436622,21609287,15400,582,380100,277,16564,Where you watching from? #newmusic #WhoHurtYou ,37,/Users/jolanda/Desktop/Study/Project_Algorithmus/Viralitaetsanalyse-main/tiktok_100_vs_100/Normal_100/normal_metadata.json,0
61,normal,7557534743001074974,79609045006872576,59200,139,545400,321,59478,Loving my natural hair color so much ,9,/Users/jolanda/Desktop/Study/Project_Algorithmus/Viralitaetsanalyse-main/tiktok_100_vs_100/Normal_100/normal_metadata.json,0
66,normal,7557540715673373966,209793,55200,163,558700,186,55526,TikTok video #7557540715673373966,6,/Users/jolanda/Desktop/Study/Project_Algorithmus/Viralitaetsanalyse-main/tiktok_100_vs_100/Normal_100/normal_metadata.json,0
25,normal,7558207954617453832,131039763028930560,57200,909,836800,293,59018,"Hoy me tocó evento importante, y mi cabello tenía que estar a la altu...",20,/Users/jolanda/Desktop/Study/Project_Algorithmus/Viralitaetsanalyse-main/tiktok_100_vs_100/Normal_100/normal_metadata.json,0
4,normal,7558248534412152077,21609287,17400,306,427600,255,18012,This can’t be just me? @Al Haramain Perfumes ,17,/Users/jolanda/Desktop/Study/Project_Algorithmus/Viralitaetsanalyse-main/tiktok_100_vs_100/Normal_100/normal_metadata.json,0
49,normal,7558253309941927223,21609287,11600,270,247600,210,12140,If the #WhoHurtYou music video had no music 🤣🤣🤣 ,10,/Users/jolanda/Desktop/Study/Project_Algorithmus/Viralitaetsanalyse-main/tiktok_100_vs_100/Normal_100/normal_metadata.json,0
78,top,7558622926065519885,6703550784929793030,473800,1428,14700000,5106,476656,@Armani beauty #luminoussilk #armanibeautypartner 💝💝💝,53,/Users/jolanda/Desktop/Study/Project_Algorithmus/Viralitaetsanalyse-main/tiktok_100_vs_100/Top_100/top_metadata.json,1
90,normal,7558690687093460279,21609287,21700,437,381800,331,22574,Halloween season is here #WhoHurtYou ,11,/Users/jolanda/Desktop/Study/Project_Algorithmus/Viralitaetsanalyse-main/tiktok_100_vs_100/Normal_100/normal_metadata.json,0
46,normal,7558847527311740174,68616495085350913,82100,1155,1200000,932,84410,I built a hidden fort inside of Costco,28,/Users/jolanda/Desktop/Study/Project_Algorithmus/Viralitaetsanalyse-main/tiktok_100_vs_100/Normal_100/normal_metadata.json,0
86,normal,7558891371189325087,107955,7795,1819,341800,517,11433,definitely queuing ‘Could Be Love (Rachel’s Version)’ after this 😭@Ra...,90,/Users/jolanda/Desktop/Study/Project_Algorithmus/Viralitaetsanalyse-main/tiktok_100_vs_100/Normal_100/normal_metadata.json,0
15,normal,7558916935388335374,21609287,61700,1037,682400,1923,63774,Squad popped up on Hollywood blvd🚨FLASH MOB🚨,40,/Users/jolanda/Desktop/Study/Project_Algorithmus/Viralitaetsanalyse-main/tiktok_100_vs_100/Normal_100/normal_metadata.json,0
53,normal,7559227794656398605,6745191554350760966,37000,1493,426600,550,39986,Muchísimas gracias Mexico 🇲🇽🥃❤️ Your energy and love was electric. Th...,21,/Users/jolanda/Desktop/Study/Project_Algorithmus/Viralitaetsanalyse-main/tiktok_100_vs_100/Normal_100/normal_metadata.json,0
68,top,7559378658817854775,190068318278651904,572200,2201,4300000,3552,576602,Replying to @debbie_morales Adding plants to the Balcony!! 🪏🪴 This ma...,275,/Users/jolanda/Desktop/Study/Project_Algorithmus/Viralitaetsanalyse-main/tiktok_100_vs_100/Top_100/top_metadata.json,1
72,normal,7559395696504245517,21609287,56500,692,738300,1511,57884,#WhoHurtYou ,29,/Users/jolanda/Desktop/Study/Project_Algorithmus/Viralitaetsanalyse-main/tiktok_100_vs_100/Normal_100/normal_metadata.json,0
9,normal,7559684939684400414,107955,9707,4559,997700,1082,18825,singing every👏single👏word👏 (in our head),36,/Users/jolanda/Desktop/Study/Project_Algorithmus/Viralitaetsanalyse-main/tiktok_100_vs_100/Normal_100/normal_metadata.json,0
11,normal,7559969376590515470,68616495085350913,30500,1003,706300,1019,32506,beware of Labubu’s,28,/Users/jolanda/Desktop/Study/Project_Algorithmus/Viralitaetsanalyse-main/tiktok_100_vs_100/Normal_100/normal_metadata.json,0
94,normal,7560098104066805006,7445731,113300,354,1300000,3020,114008,It’s getting crazy😂😂 ib @haleyybaylee ,9,/Users/jolanda/Desktop/Study/Project_Algorithmus/Viralitaetsanalyse-main/tiktok_100_vs_100/Normal_100/normal_metadata.json,0
60,top,7560100504492150030,5831967,669700,2164,7400000,3490,674028,dc @Wiktor_Mi ,15,/Users/jolanda/Desktop/Study/Project_Algorithmus/Viralitaetsanalyse-main/tiktok_100_vs_100/Top_100/top_metadata.json,1
96,top,7560113050100043026,131039763028930560,365300,931,2900000,3366,367162,Siempre quise ser Bambi🥹🦌,54,/Users/jolanda/Desktop/Study/Project_Algorithmus/Viralitaetsanalyse-main/tiktok_100_vs_100/Top_100/top_metadata.json,1
98,normal,7560114759442484487,131039763028930560,113000,1072,931500,1081,115144,Mis pestañas dicen holi😋,12,/Users/jolanda/Desktop/Study/Project_Algorithmus/Viralitaetsanalyse-main/tiktok_100_vs_100/Normal_100/normal_metadata.json,0
65,normal,7560117671044451598,190068318278651904,74500,843,853300,1295,76186,thank you for having me @Knott’s Berry Farm 🤍😈,10,/Users/jolanda/Desktop/Study/Project_Algorithmus/Viralitaetsanalyse-main/tiktok_100_vs_100/Normal_100/normal_metadata.json,0
80,top,7560178872621288718,7445731,458400,1311,5300000,43500,461022,TikTok video #7560178872621288718,27,/Users/jolanda/Desktop/Study/Project_Algorithmus/Viralitaetsanalyse-main/tiktok_100_vs_100/Top_100/top_metadata.json,1
37,top,7561038181563419959,5831967,979100,2199,5800000,8588,983498,this trend is so cute,17,/Users/jolanda/Desktop/Study/Project_Algorithmus/Viralitaetsanalyse-main/tiktok_100_vs_100/Top_100/top_metadata.json,1
74,top,7561159008074124558,190068318278651904,493300,2444,3600000,29800,498188,I can’t wait to try everything omg @Cal ,187,/Users/jolanda/Desktop/Study/Project_Algorithmus/Viralitaetsanalyse-main/tiktok_100_vs_100/Top_100/top_metadata.json,1
60,normal,7561200888036003103,79609045006872576,50100,136,328100,1213,50372,What look is next …. #fnaf #thepuppet #marinette #makeup #halloween ,12,/Users/jolanda/Desktop/Study/Project_Algorithmus/Viralitaetsanalyse-main/tiktok_100_vs_100/Normal_100/normal_metadata.json,0
8,normal,7561213627798277384,131039763028930560,109500,1002,1000000,745,111504,CHiCa CalaBAza,11,/Users/jolanda/Desktop/Study/Project_Algorithmus/Viralitaetsanalyse-main/tiktok_100_vs_100/Normal_100/normal_metadata.json,0
79,top,7561418302761766166,127905465618821121,457900,5163,8100000,10800,468226,No one is scoring here 🥲#learnfromkhaby #comedy ,18,/Users/jolanda/Desktop/Study/Project_Algorithmus/Viralitaetsanalyse-main/tiktok_100_vs_100/Top_100/top_metadata.json,1
78,normal,7561456867231206711,5831967,65800,651,1600000,1056,67102,@Prada #pradamode ,11,/Users/jolanda/Desktop/Study/Project_Algorithmus/Viralitaetsanalyse-main/tiktok_100_vs_100/Normal_100/normal_metadata.json,0
86,top,7561459495809846542,5831967,412100,1206,4100000,3378,414512,@carleesue_ @livmadorma @alisonscoon @Alexa Davis ,8,/Users/jolanda/Desktop/Study/Project_Algorithmus/Viralitaetsanalyse-main/tiktok_100_vs_100/Top_100/top_metadata.json,1
82,normal,7561859064007773453,21609287,40900,310,560900,499,41520,Movie night snack challenge #jasonking #movienight #snackchallenge ,91,/Users/jolanda/Desktop/Study/Project_Algorithmus/Viralitaetsanalyse-main/tiktok_100_vs_100/Normal_100/normal_metadata.json,0
87,top,7562270156576148750,7445731,413000,756,2800000,43500,414512,Stop testing me!! @North Valley Group ,14,/Users/jolanda/Desktop/Study/Project_Algorithmus/Viralitaetsanalyse-main/tiktok_100_vs_100/Top_100/top_metadata.json,1
43,normal,7562334301166013718,127905465618821121,17700,695,810700,217,19090,"Great walls, bright skylines, loud hotpot, quiet villages. I came for...",29,/Users/jolanda/Desktop/Study/Project_Algorithmus/Viralitaetsanalyse-main/tiktok_100_vs_100/Normal_100/normal_metadata.json,0
77,normal,7562335351113649430,127905465618821121,27500,1695,1300000,617,30890,I passed the hotpot driving test 🤣 #learnfromkhaby #avatr ,44,/Users/jolanda/Desktop/Study/Project_Algorithmus/Viralitaetsanalyse-main/tiktok_100_vs_100/Normal_100/normal_metadata.json,0
93,top,7562727779981135159,7445731,371700,1737,2000000,76300,375174,Share with your friend😂,64,/Users/jolanda/Desktop/Study/Project_Algorithmus/Viralitaetsanalyse-main/tiktok_100_vs_100/Top_100/top_metadata.json,1
51,top,7562737445322706184,131039763028930560,747700,1425,4500000,3253,750550,@Jash ,11,/Users/jolanda/Desktop/Study/Project_Algorithmus/Viralitaetsanalyse-main/tiktok_100_vs_100/Top_100/top_metadata.json,1
97,normal,7563467582280420616,131039763028930560,76300,583,409500,1281,77466,🐀?,7,/Users/jolanda/Desktop/Study/Project_Algorithmus/Viralitaetsanalyse-main/tiktok_100_vs_100/Normal_100/normal_metadata.json,0
87,normal,7563719605663862029,6745191554350760966,11900,375,118800,90,12650,<<<<<< @ZOA ENERGY ,10,/Users/jolanda/Desktop/Study/Project_Algorithmus/Viralitaetsanalyse-main/tiktok_100_vs_100/Normal_100/normal_metadata.json,0
13,normal,7564088602234309918,5831967,14100,458,260600,133,15016,weekend full of my 2 fav things @Red Bull USA @Red Bull Dance 💙,23,/Users/jolanda/Desktop/Study/Project_Algorithmus/Viralitaetsanalyse-main/tiktok_100_vs_100/Normal_100/normal_metadata.json,0
37,normal,7564143939821784350,79609045006872576,75000,75,506500,466,75150,Not my best bc I was trying to fit 8 looks in one day but just shows ...,61,/Users/jolanda/Desktop/Study/Project_Algorithmus/Viralitaetsanalyse-main/tiktok_100_vs_100/Normal_100/normal_metadata.json,0
45,normal,7564156976251325703,131039763028930560,34400,805,155300,470,36010,En cámara lenta cámara lenta cámara lenta,34,/Users/jolanda/Desktop/Study/Project_Algorithmus/Viralitaetsanalyse-main/tiktok_100_vs_100/Normal_100/normal_metadata.json,0
6,normal,7564181866035678519,190068318278651904,32300,299,192800,541,32898,GRRR 🐯🌈 ,7,/Users/jolanda/Desktop/Study/Project_Algorithmus/Viralitaetsanalyse-main/tiktok_100_vs_100/Normal_100/normal_metadata.json,0
54,normal,7564186910306913550,7445731,26200,642,262800,233,27484,🍋 sorry Lexi haha @Lexi Rivera ,13,/Users/jolanda/Desktop/Study/Project_Algorithmus/Viralitaetsanalyse-main/tiktok_100_vs_100/Normal_100/normal_metadata.json,0
