video_id,group,is_viral_proxy,acct_uploader_len,acct_uploader_digits_ratio,acct_creator_verified,acct_creator_follower_log,acct_creator_posts_log,txt_title_len_chars,txt_title_len_words,txt_title_has_question,txt_title_has_exclaim,txt_title_has_hashtag,txt_title_has_mention,txt_title_has_url,len_duration_s,len_bucket
7219026508239686954,top,1,0,0.0,0,,,72,12,0,0,0,0,0,8,short
7231352152743152942,top,1,0,0.0,0,,,33,5,0,0,0,0,0,28,mid
7236485370542624042,normal,0,0,0.0,0,,,32,5,0,0,1,0,0,18,mid
7239370205254929710,normal,0,0,0.0,0,,,72,11,1,0,1,1,0,38,long
7303636279936322862,normal,0,0,0.0,0,,,72,11,1,0,0,0,0,61,very_long
7396801365420461358,normal,0,0,0.0,0,,,8,2,0,0,0,0,0,15,short
7397877687269772574,normal,0,0,0.0,0,,,72,10,0,0,0,1,0,30,mid
7400546786047298846,top,1,0,0.0,0,,,33,3,0,0,1,0,0,9,short
7413886018639744286,normal,0,0,0.0,0,,,26,5,0,0,0,1,0,18,mid
7416040047637433630,normal,0,0,0.0,0,,,10,2,0,0,0,1,0,10,short
7417155830354677022,normal,0,0,0.0,0,,,21,3,0,0,1,1,0,13,short
7418187878360026399,normal,0,0,0.0,0,,,21,3,0,0,0,0,0,56,long
7418609202073046302,normal,0,0,0.0,0,,,72,11,0,0,0,1,0,24,mid
7433507168529304862,normal,0,0,0.0,0,,,17,3,0,0,0,1,0,20,mid
7437523439310654750,normal,0,0,0.0,0,,,58,7,0,0,1,1,0,47,long
7439471913715485998,normal,0,0,0.0,0,,,72,11,0,0,1,0,0,84,very_long
7456887093139164458,top,1,0,0.0,0,,,11,1,0,0,0,0,0,15,short
7461297586738154798,top,1,0,0.0,0,,,16,3,0,0,0,0,0,12,short
7461341656470637867,top,1,0,0.0,0,,,13,3,0,0,0,0,0,15,short
7461348964126706987,top,1,0,0.0,0,,,33,3,0,0,1,0,0,15,short
7461455484957216046,top,1,0,0.0,0,,,58,12,0,0,0,0,0,7,short
7463295674528828718,normal,0,0,0.0,0,,,59,6,0,0,1,1,0,111,very_long
7477048558412139806,top,1,0,0.0,0,,,15,1,0,0,0,1,0,14,short
7481081623962733867,top,1,0,0.0,0,,,5,1,0,0,0,0,0,9,short
7481463647085088043,top,1,0,0.0,0,,,19,2,0,0,0,0,0,15,short
7481987417357012267,normal,0,0,0.0,0,,,16,4,0,0,0,0,0,15,short
7483001771346922794,normal,0,0,0.0,0,,,57,9,0,0,1,0,0,42,long
7483004941213322542,normal,0,0,0.0,0,,,34,4,0,0,1,0,0,18,mid
7483228758514896174,normal,0,0,0.0,0,,,27,4,0,0,0,0,0,15,short
7486292240898411822,normal,0,0,0.0,0,,,58,9,0,0,0,1,0,46,long
7491043786580135214,top,1,0,0.0,0,,,63,11,0,0,1,1,0,19,mid
7491859948490607918,top,1,0,0.0,0,,,29,7,0,0,1,1,0,67,very_long
7493024973506792746,top,1,0,0.0,0,,,72,12,0,0,0,0,0,48,long
7493294519652224302,normal,0,0,0.0,0,,,61,8,0,0,1,1,0,33,long
7493347618081475886,normal,0,0,0.0,0,,,33,3,0,0,1,0,0,12,short
7494637665753713942,top,1,0,0.0,0,,,53,9,0,0,1,0,0,16,mid
7497125916095860014,top,1,0,0.0,0,,,61,11,0,0,0,0,0,51,long
7498051752504151339,top,1,0,0.0,0,,,70,16,0,1,0,0,0,5,very_short
7498461301472070954,top,1,0,0.0,0,,,54,10,0,1,0,0,0,15,short
7500017699733425438,top,1,0,0.0,0,,,15,2,0,0,1,0,0,62,very_long
7501786655280336150,top,1,0,0.0,0,,,58,10,0,0,1,0,0,22,mid
7503547470006226198,top,1,0,0.0,0,,,51,9,0,0,1,0,0,33,long
7505030969712217366,top,1,0,0.0,0,,,31,3,0,0,1,0,0,20,mid
7506715561590803758,normal,0,0,0.0,0,,,11,3,0,0,0,0,0,18,mid
7506899936903007531,normal,0,0,0.0,0,,,72,12,1,0,1,0,0,55,long
7506913208318496046,normal,0,0,0.0,0,,,72,11,0,0,1,0,0,47,long
7511706784608898326,top,1,0,0.0,0,,,72,13,0,0,1,0,0,21,mid
7513261762968341806,normal,0,0,0.0,0,,,45,4,0,0,0,0,0,31,long
7513391798920989998,top,1,0,0.0,0,,,48,7,0,0,0,0,0,29,mid
7513647103558585643,top,1,0,0.0,0,,,63,10,1,0,0,0,0,15,short
7513980049121611054,normal,0,0,0.0,0,,,72,14,0,0,0,1,0,14,short
7515067489852673323,top,1,0,0.0,0,,,48,9,0,0,0,0,0,44,long
7515083249782181163,top,1,0,0.0,0,,,55,9,0,0,0,1,0,15,short
7516905495962209558,top,1,0,0.0,0,,,72,16,0,0,0,0,0,22,mid
7516938565066951991,normal,0,0,0.0,0,,,72,13,0,0,0,0,0,39,long
7516941123676294430,normal,0,0,0.0,0,,,19,5,0,0,0,0,0,83,very_long
7517661384499301687,normal,0,0,0.0,0,,,72,13,0,0,0,0,0,41,long
7518015832954326294,top,1,0,0.0,0,,,72,11,0,0,0,0,0,38,long
7518459843343060238,normal,0,0,0.0,0,,,72,14,0,1,0,0,0,132,very_long
7520613613476826390,top,1,0,0.0,0,,,39,6,0,0,1,0,0,54,long
7521737810315939085,top,1,0,0.0,0,,,41,8,0,0,0,0,0,17,mid
7522839955991956759,top,1,0,0.0,0,,,55,7,0,0,1,0,0,29,mid
7523247946826075422,normal,0,0,0.0,0,,,63,14,0,0,0,0,0,13,short
7524003882544926007,normal,0,0,0.0,0,,,41,8,0,0,0,1,0,34,long
7524695285293993238,top,1,0,0.0,0,,,38,6,0,0,1,0,0,15,short
7525148037694393614,normal,0,0,0.0,0,,,39,9,0,0,0,0,0,32,long
7525596263971114270,normal,0,0,0.0,0,,,59,10,0,0,0,1,0,10,short
7526832928811207991,normal,0,0,0.0,0,,,72,7,0,1,0,0,0,73,very_long
7527278440291126550,top,1,0,0.0,0,,,56,8,0,0,1,0,0,37,long
7527804631657794846,normal,0,0,0.0,0,,,15,4,0,0,0,0,0,9,short
7528058390535310605,top,1,0,0.0,0,,,28,7,0,0,0,0,0,28,mid
7528464534936358199,normal,0,0,0.0,0,,,1,1,0,0,0,0,0,27,mid
7528483160141597982,top,1,0,0.0,0,,,15,2,0,0,0,0,0,10,short
7530273378234649878,top,1,0,0.0,0,,,45,6,0,0,1,0,0,44,long
7530978492717190455,top,1,0,0.0,0,,,72,13,0,0,0,0,0,75,very_long
7531096947776671006,top,1,0,0.0,0,,,72,11,0,0,0,0,0,7,short
7532257687514451213,normal,0,0,0.0,0,,,17,5,0,0,0,0,0,17,mid
7532465100771413270,top,1,0,0.0,0,,,43,5,0,0,1,0,0,31,long
7532593973144210743,top,1,0,0.0,0,,,72,13,0,0,0,0,0,42,long
7533276670954884407,normal,0,0,0.0,0,,,62,8,0,0,0,0,0,21,mid
7533277722089442590,normal,0,0,0.0,0,,,57,12,0,0,0,0,0,6,very_short
7533687190707047701,top,1,0,0.0,0,,,15,3,1,0,0,0,0,15,short
7533694357220707605,top,1,0,0.0,0,,,2,1,0,0,0,0,0,15,short
7535131930182815031,normal,0,0,0.0,0,,,72,14,0,1,0,0,0,21,mid
7535597272009116958,normal,0,0,0.0,0,,,72,14,0,0,0,0,0,55,long
7535822781108194582,top,1,0,0.0,0,,,44,4,0,0,1,0,0,25,mid
7537411459005828407,normal,0,0,0.0,0,,,23,6,0,0,0,0,0,16,mid
7538142607772257550,normal,0,0,0.0,0,,,30,6,0,0,0,0,0,14,short
7538167343642397973,top,1,0,0.0,0,,,18,3,0,0,0,0,0,6,very_short
7538175287809379604,top,1,0,0.0,0,,,15,2,0,0,0,0,0,7,short
7538179148267703572,top,1,0,0.0,0,,,20,5,0,0,0,0,0,14,short
7538184429018041621,top,1,0,0.0,0,,,72,13,0,0,0,0,0,14,short
7538431890357865750,top,1,0,0.0,0,,,35,4,0,0,1,0,0,46,long
7538577100836539703,normal,0,0,0.0,0,,,33,3,0,0,1,0,0,6,very_short
7538643019420142903,normal,0,0,0.0,0,,,41,7,0,0,1,1,0,13,short
7539684741776248119,top,1,0,0.0,0,,,37,7,0,0,0,0,0,6,very_short
7540363753703869751,normal,0,0,0.0,0,,,46,11,0,0,0,1,0,58,long
7540683047117540663,normal,0,0,0.0,0,,,45,7,0,0,0,0,0,64,very_long
7541312762547408183,top,1,0,0.0,0,,,71,9,0,0,1,0,0,20,mid
7541415269642652941,top,1,0,0.0,0,,,18,3,0,0,0,0,0,26,mid
7541499742363110663,top,1,0,0.0,0,,,68,9,0,0,1,1,0,61,very_long
7541623233842269470,normal,0,0,0.0,0,,,72,12,0,0,1,0,0,35,long
7542236120256482574,top,1,0,0.0,0,,,64,11,0,0,0,0,0,23,mid
7542648831586880823,top,1,0,0.0,0,,,30,8,0,0,0,0,0,106,very_long
7543753322679864589,top,1,0,0.0,0,,,72,13,0,0,0,1,0,164,very_long
7544374389890927886,normal,0,0,0.0,0,,,72,14,0,0,0,0,0,69,very_long
7544520710744558903,top,1,0,0.0,0,,,14,4,0,0,0,0,0,10,short
7545647280955690253,top,1,0,0.0,0,,,30,5,0,0,0,1,0,13,short
7545914679911107854,normal,0,0,0.0,0,,,33,7,0,0,0,1,0,49,long
7546069423900200247,top,1,0,0.0,0,,,28,5,0,1,0,1,0,24,mid
7546245126356503821,normal,0,0,0.0,0,,,63,7,0,0,1,1,0,60,long
7546373233260449038,normal,0,0,0.0,0,,,72,12,0,0,0,0,0,32,long
7546649356707876109,top,1,0,0.0,0,,,20,4,0,0,0,0,0,10,short
7546779048593181965,normal,0,0,0.0,0,,,12,2,0,0,0,0,0,10,short
7546980162093534478,top,1,0,0.0,0,,,50,7,0,0,1,0,0,21,mid
7547911100520467725,top,1,0,0.0,0,,,35,7,0,0,0,1,0,95,very_long
7548194770137500941,top,1,0,0.0,0,,,72,11,0,1,0,1,0,188,very_long
7548522029700353293,normal,0,0,0.0,0,,,37,8,0,0,0,0,0,48,long
7548598130665622804,top,1,0,0.0,0,,,72,11,0,0,0,1,0,25,mid
7548837577323711758,normal,0,0,0.0,0,,,72,11,0,0,0,0,0,149,very_long
7549938079100931341,normal,0,0,0.0,0,,,9,2,0,0,0,0,0,46,long
7550956666187975991,top,1,0,0.0,0,,,42,9,0,0,1,1,0,18,mid
7551538774350515511,top,1,0,0.0,0,,,64,12,0,0,0,1,0,15,short
7551785289518288183,normal,0,0,0.0,0,,,31,8,0,0,0,0,0,26,mid
7551930941900360981,top,1,0,0.0,0,,,30,6,1,0,0,0,0,5,very_short
7552180816277769486,top,1,0,0.0,0,,,72,13,0,0,0,1,0,39,long
7552317372590214431,normal,0,0,0.0,0,,,72,10,0,1,1,1,0,56,long
7552319522443709716,top,1,0,0.0,0,,,26,6,0,0,0,0,0,15,short
7552328634359368981,top,1,0,0.0,0,,,13,3,0,0,0,0,0,13,short
7552333719219031314,top,1,0,0.0,0,,,10,3,1,0,0,0,0,15,short
7552941212647361800,top,1,0,0.0,0,,,23,5,0,0,0,0,0,8,short
7552987068071267591,top,1,0,0.0,0,,,68,8,0,0,1,1,0,47,long
7553295954502225166,normal,0,0,0.0,0,,,29,6,0,0,0,0,0,12,short
7553396193309560071,top,1,0,0.0,0,,,25,6,0,0,0,0,0,7,short
7553422683011091743,normal,0,0,0.0,0,,,57,7,0,0,1,1,0,20,mid
7553427159684156690,top,1,0,0.0,0,,,23,3,0,0,0,0,0,13,short
7553438363085245703,top,1,0,0.0,0,,,33,7,0,0,0,0,0,7,short
7553465778972937479,top,1,0,0.0,0,,,15,3,0,0,0,0,0,10,short
7553693101458541837,normal,0,0,0.0,0,,,72,13,0,0,0,0,0,30,mid
7553724721108389133,top,1,0,0.0,0,,,72,10,0,0,1,1,0,56,long
7553827710083009799,top,1,0,0.0,0,,,64,7,0,0,0,1,0,15,short
7554580140345347359,normal,0,0,0.0,0,,,8,1,0,0,0,0,0,91,very_long
7554767993666915615,top,1,0,0.0,0,,,20,4,0,0,0,0,0,14,short
7554814344748354830,top,1,0,0.0,0,,,33,3,0,0,1,0,0,11,short
7554865877619969294,top,1,0,0.0,0,,,22,4,0,0,0,1,0,6,very_short
7555647477790035208,top,1,0,0.0,0,,,13,2,0,0,0,1,0,6,very_short
7555904765448768781,normal,0,0,0.0,0,,,18,5,0,0,0,0,0,11,short
7556001068405050638,top,1,0,0.0,0,,,72,12,0,0,0,1,0,248,very_long
7556023299734605111,top,1,0,0.0,0,,,28,5,0,0,0,0,0,7,short
7556096007285591351,top,1,0,0.0,0,,,29,5,0,0,1,1,0,11,short
7556358877843868941,top,1,0,0.0,0,,,8,1,0,0,0,1,0,6,very_short
7556493693121744142,normal,0,0,0.0,0,,,62,10,0,0,1,1,0,15,short
7556592560974646541,normal,0,0,0.0,0,,,72,12,0,0,0,0,0,15,short
7556652844523310367,normal,0,0,0.0,0,,,72,14,0,0,0,1,0,67,very_long
7556665618670406925,normal,0,0,0.0,0,,,23,3,1,0,0,0,0,18,mid
7556690079058529567,normal,0,0,0.0,0,,,14,2,0,0,0,1,0,14,short
7556996890223463735,top,1,0,0.0,0,,,72,14,0,0,0,1,0,35,long
7557068031394991415,normal,0,0,0.0,0,,,20,4,1,0,0,0,0,16,mid
7557131004574436622,normal,0,0,0.0,0,,,46,6,1,0,1,0,0,37,long
7557534743001074974,normal,0,0,0.0,0,,,36,7,0,0,0,0,0,9,short
7557540715673373966,normal,0,0,0.0,0,,,33,3,0,0,1,0,0,6,very_short
7558207954617453832,normal,0,0,0.0,0,,,72,14,0,0,0,0,0,20,mid
7558248534412152077,normal,0,0,0.0,0,,,44,8,1,0,0,1,0,17,mid
7558253309941927223,normal,0,0,0.0,0,,,47,9,0,0,1,0,0,10,short
7558622926065519885,top,1,0,0.0,0,,,53,5,0,0,1,1,0,53,long
7558690687093460279,normal,0,0,0.0,0,,,36,5,0,0,1,0,0,11,short
7558847527311740174,normal,0,0,0.0,0,,,38,8,0,0,0,0,0,28,mid
7558891371189325087,normal,0,0,0.0,0,,,72,10,0,0,0,1,0,90,very_long
7558916935388335374,normal,0,0,0.0,0,,,44,7,0,0,0,0,0,40,long
7559227794656398605,normal,0,0,0.0,0,,,72,11,0,0,0,0,0,21,mid
7559378658817854775,top,1,0,0.0,0,,,72,11,0,1,0,1,0,275,very_long
7559395696504245517,normal,0,0,0.0,0,,,11,1,0,0,1,0,0,29,mid
7559684939684400414,normal,0,0,0.0,0,,,40,5,0,0,0,0,0,36,long
7559969376590515470,normal,0,0,0.0,0,,,18,3,0,0,0,0,0,28,mid
7560098104066805006,normal,0,0,0.0,0,,,37,5,0,0,0,1,0,9,short
7560100504492150030,top,1,0,0.0,0,,,13,2,0,0,0,1,0,15,short
7560113050100043026,top,1,0,0.0,0,,,25,4,0,0,0,0,0,54,long
7560114759442484487,normal,0,0,0.0,0,,,24,4,0,0,0,0,0,12,short
7560117671044451598,normal,0,0,0.0,0,,,46,9,0,0,0,1,0,10,short
7560178872621288718,top,1,0,0.0,0,,,33,3,0,0,1,0,0,27,mid
7561038181563419959,top,1,0,0.0,0,,,21,5,0,0,0,0,0,17,mid
7561159008074124558,top,1,0,0.0,0,,,39,8,0,0,0,1,0,187,very_long
7561200888036003103,normal,0,0,0.0,0,,,67,10,0,0,1,0,0,12,short
7561213627798277384,normal,0,0,0.0,0,,,14,2,0,0,0,0,0,11,short
7561418302761766166,top,1,0,0.0,0,,,47,7,0,0,1,0,0,18,mid
7561456867231206711,normal,0,0,0.0,0,,,17,2,0,0,1,1,0,11,short
7561459495809846542,top,1,0,0.0,0,,,49,5,0,0,0,1,0,8,short
7561859064007773453,normal,0,0,0.0,0,,,66,7,0,0,1,0,0,91,very_long
7562270156576148750,top,1,0,0.0,0,,,37,6,0,1,0,1,0,14,short
7562334301166013718,normal,0,0,0.0,0,,,72,11,0,0,0,0,0,29,mid
7562335351113649430,normal,0,0,0.0,0,,,57,9,0,0,1,0,0,44,long
7562727779981135159,top,1,0,0.0,0,,,23,4,0,0,0,0,0,64,very_long
7562737445322706184,top,1,0,0.0,0,,,5,1,0,0,0,1,0,11,short
7563467582280420616,normal,0,0,0.0,0,,,2,1,1,0,0,0,0,7,short
7563719605663862029,normal,0,0,0.0,0,,,18,3,0,0,0,1,0,10,short
7564088602234309918,normal,0,0,0.0,0,,,63,14,0,0,0,1,0,23,mid
7564143939821784350,normal,0,0,0.0,0,,,72,18,0,0,0,0,0,61,very_long
7564156976251325703,normal,0,0,0.0,0,,,41,7,0,0,0,0,0,34,long
7564181866035678519,normal,0,0,0.0,0,,,7,2,0,0,0,0,0,7,short
7564186910306913550,normal,0,0,0.0,0,,,30,6,0,0,0,1,0,13,short
