video_id,bpm,rms_mean,rms_std,spectral_centroid_mean,spectral_centroid_std,spectral_bandwidth_mean,spectral_bandwidth_std,speech_ratio,chroma_var_0,chroma_var_1,chroma_var_2,chroma_var_3,chroma_var_4,chroma_var_5,chroma_var_6,chroma_var_7,chroma_var_8,chroma_var_9,chroma_var_10,chroma_var_11
normal_100_likes_22500_id_7516938565066951991,139.6748310810811,0.014903383329510689,0.019587917253375053,2816.7684094213896,1743.7594600130615,3153.345758352995,840.9773660854332,0.9084027252081757,0.10563018187857232,0.10537977611800636,0.10629816596653353,0.09125785756628746,0.08987656773927931,0.07427966766302534,0.07815676622584314,0.08945521489875362,0.09458082538617228,0.08849165293089693,0.10548627982115245,0.12265238177096101
normal_10_likes_83700_id_7546779048593181965,67.99958881578948,0.025422675535082817,0.015673819929361343,4474.662061070602,1908.7886743477923,4091.647865310017,722.18996561812,0.9943502824858758,0.10457107174375299,0.10362774698962299,0.09962972417808037,0.11715156678881275,0.13505317115272814,0.12385319131640332,0.10665056729901662,0.10758424473608105,0.09465639309510365,0.09452910479919446,0.08884769512881119,0.08964747668223966
normal_11_likes_30500_id_7559969376590515470,107.666015625,0.12681396305561066,0.05711471661925316,3212.963612131724,1091.773264058584,3643.00411600551,753.3194220279323,0.9957173447537473,0.07436295261065523,0.07463147911009015,0.07780822940498448,0.08184645407023278,0.08362063426098403,0.08185777446449884,0.07715421379643775,0.07856140987407496,0.07814503627542854,0.0801909391575921,0.07656333770303898,0.07955404552832322
normal_12_likes_51000_id_7557068031394991415,135.99917763157896,0.044645484536886215,0.05230177938938141,3050.954201236598,1684.081677500971,3179.355446315091,979.7272177359499,0.9557522123893806,0.106044064758074,0.09820784083202141,0.10027929932237284,0.11264034170531498,0.10497443261303312,0.10582313156574595,0.09600118741919798,0.092091274829738,0.10306343123289301,0.11433938709378312,0.10020380152723601,0.10415828984392166
normal_13_likes_14100_id_7564088602234309918,126.04801829268293,0.17427614331245422,0.11586295813322067,3562.231200976287,1881.4365121168742,3370.2793743806933,736.7128429873637,0.9895968790637191,0.11617616370553413,0.11128056117917383,0.08931032475556201,0.06920570985331088,0.05954990925116836,0.0872367059814321,0.08483648090325725,0.07957408487407057,0.07269886353552556,0.07203807808577196,0.07681534361243932,0.09099954085560677
normal_14_likes_78900_id_7439471913715485998,147.65625,0.04585643485188484,0.044010866433382034,1975.0777566015397,1202.795288835236,2279.804243059668,821.2534735006982,0.9390503189227498,0.10379458772761471,0.09215226077932039,0.0903815683084813,0.09408531239089722,0.07995864220756997,0.09366495348987514,0.08900611312073957,0.0861148711211154,0.07893072599946531,0.09556072592906124,0.08721332712481818,0.08957561784485697
normal_15_likes_61700_id_7558916935388335374,129.19921875,0.1522010713815689,0.06663261353969574,2624.9745613181785,1559.0381360364954,3358.6964771480093,1092.2766505203135,0.9911373707533235,0.10492529472887846,0.11022123617352488,0.08079086801143283,0.09968677103675103,0.08562548026609305,0.09018022136615339,0.09174235692980864,0.059376732607221955,0.0874047761429084,0.06049037952161083,0.07963457433499793,0.08727740728422062
normal_16_likes_16300_id_7556493693121744142,129.19921875,0.13249003887176514,0.06579533219337463,2804.3957594515796,1152.733275395801,3547.7428453621433,739.9693718508655,0.994,0.10515998278334013,0.11732578617641211,0.08302925843385948,0.09202077187530339,0.0730078505990539,0.08346839064840293,0.10552641726227513,0.05762987251602994,0.1124174248045633,0.06186314415131201,0.0893886598905331,0.08619489425627772
normal_17_likes_91400_id_7538643019420142903,161.4990234375,0.07967891544103622,0.03902462497353554,1990.6410299448796,1118.1311108120515,2117.9241478571203,690.8093196377945,0.9676025917926566,0.10398548534681859,0.08148239070501108,0.08311885676113549,0.07873081535274094,0.1451542913180829,0.08248866976586981,0.07074658264532466,0.13526457673732692,0.06523146057296653,0.1564117718505907,0.09336061954426517,0.11435254917167426
normal_18_likes_26500_id_7413886018639744286,89.10290948275862,0.11809252202510834,0.0395137295126915,1121.9612067474152,308.2303950455079,1597.751964215765,356.82919181625454,0.9935691318327974,0.09415167776005111,0.1024141973884478,0.03696410899432115,0.09255992862890891,0.1214031169190763,0.03168591986461054,0.10536892961219914,0.021041828243257774,0.10303262504108886,0.061727644610728626,0.0940478156340579,0.14388165623761123
normal_19_likes_17300_id_7556592560974646541,156.60511363636363,0.10076232999563217,0.04627559706568718,2513.6097909246314,917.1099331916196,3229.651905831855,738.801698957116,0.9941972920696325,0.09052496468196498,0.07985653460142604,0.07866832381583477,0.07836885429925576,0.08380040070635358,0.08790262361207746,0.08707961015036353,0.08269076032144095,0.07455538391728296,0.07816981412220647,0.07816533294325857,0.09145194548730574
normal_1_likes_76400_id_7549938079100931341,109.95678191489361,0.08447030186653137,0.07516370713710785,3437.8668176140313,1597.9727833924494,3745.1984574729013,1013.9338089999942,0.927703134996801,0.07745237739350401,0.08638711640949547,0.0776890700879063,0.0814561785122062,0.09307172116215358,0.09580337414440533,0.08025352974914908,0.09791088293761772,0.0864197176584989,0.0921238381223379,0.08973243800396001,0.07374169722394146
normal_20_likes_55500_id_7528464534936358199,126.04801829268293,0.11298759281635284,0.02518482133746147,1802.9659861164653,703.6038783420097,2598.4463281595567,578.6503272739977,0.9945593035908596,0.0792197599495199,0.048496556916843535,0.10731551829311392,0.05136521173999865,0.06336124850469463,0.09372696839067761,0.04568643018237639,0.10654638138553578,0.05130042498736215,0.11233424638718713,0.0819697099442802,0.043390199612498785
normal_21_likes_23000_id_7532257687514451213,101.33272058823529,0.06468141078948975,0.047018494457006454,1958.4323975514405,985.077257421204,2467.2895306505275,767.4051029352926,0.9496527777777778,0.09980542165471719,0.10155532274043527,0.09086072985441358,0.1018224059062656,0.10148971372878933,0.08911925969554887,0.09261515465408471,0.08259790992174057,0.09062981884424659,0.10066523941471472,0.08606864203349279,0.11252934253790217
normal_22_likes_47900_id_7239370205254929710,129.19921875,0.033099398016929626,0.04082349315285683,1648.4156378092316,919.3715011207571,1962.8442443497406,646.9610172866676,0.8085603112840467,0.11538917975425161,0.09368610534722327,0.07656810069553759,0.07546293417229243,0.0752836184373586,0.08059394229737014,0.0697683569874293,0.07320384103276144,0.07419800971121804,0.09173621492454713,0.10862123026163853,0.11169481287690701
normal_23_likes_59200_id_7555904765448768781,89.10290948275862,0.12119102478027344,0.05794021487236023,3398.857596977267,1599.7364651372557,3645.124981812188,580.2837257342906,1.0,0.12612505119794157,0.09658364675961752,0.08278571659829065,0.07916645485428135,0.07944669952560646,0.11300665576504651,0.08400394951917844,0.11999776986476592,0.08353654037915222,0.07283704461320006,0.09075466299425426,0.08341970520969988
normal_24_likes_107000_id_7553295954502225166,103.359375,0.04320235177874565,0.02317361906170845,1719.0734770725471,1064.5574554490584,2659.9934707623433,811.1315418465452,0.9925742574257426,0.07901679365128927,0.08690380343760175,0.08603780175249522,0.07695101899842534,0.08801585617717828,0.08127469414067535,0.06663570629154467,0.06711106440812492,0.06990848516695176,0.08070269557252158,0.06371573555450327,0.08452695371307134
normal_25_likes_57200_id_7558207954617453832,74.89809782608695,0.1245230883359909,0.09989811480045319,1752.4398116617035,909.2331392779998,2231.890898768435,799.0292425240782,0.9654676258992806,0.11349772172071122,0.09394201083309492,0.10467817371173019,0.09610736702221986,0.10953549269090379,0.11008480500916883,0.10019594106141584,0.08330903418766497,0.08588830366829651,0.11628626072777157,0.11748244750772009,0.11437721646844176
normal_26_likes_85000_id_7437523439310654750,83.35433467741936,0.12429684400558472,0.04268905520439148,2893.2693312324,1177.5025869312115,3258.3036774107013,621.8666959329112,0.9968274111675127,0.09045570468209045,0.07840289302116372,0.10818441433825829,0.07585787834095185,0.10767932509776539,0.09584983829171052,0.08922026858645685,0.06612416412892909,0.07531404943628005,0.08459177139003893,0.0506142161958772,0.12667647765412288
normal_27_likes_15400_id_7557131004574436622,129.19921875,0.2040570080280304,0.09323293715715408,2244.912389625378,1326.3473821511807,3319.89619494401,928.4021637593132,0.9821862348178138,0.10098060339455142,0.10092084580790014,0.0869943691763226,0.09375161850894341,0.08504569171697471,0.07769729908626051,0.08746878733612266,0.05321086394908837,0.0647386380809354,0.05591458418847535,0.06981765392337468,0.08499121167996654
normal_29_likes_24600_id_7551785289518288183,129.19921875,0.1308605670928955,0.0589621476829052,2584.448378541009,1181.0101959268818,3427.1342552311603,863.5997347119143,0.9899216125419933,0.10640005268520683,0.11427784082717597,0.08564070399668162,0.09994729617434268,0.07848766863819746,0.08140644543096551,0.09836468902882167,0.055399199659716875,0.10091513307539178,0.06154572116688372,0.08947078812917952,0.08950280997276204
normal_2_likes_58100_id_7525148037694393614,101.33272058823529,0.13309592008590698,0.07572168111801147,2161.7013132240495,715.6852681770027,2915.745660942162,715.6902802282406,1.0,0.08989052517584184,0.090205841055393,0.09472813716659384,0.08439522992928881,0.09993550169180151,0.11203385676291144,0.09607450648185013,0.07539469216609686,0.08564732580565804,0.09772293889918969,0.07331785988344808,0.07099100453613146
normal_30_likes_37900_id_7493347618081475886,156.60511363636363,0.06844920665025711,0.02245129458606243,2264.6149730887732,798.2916564171944,3130.8299696089643,582.5868697209625,0.9975186104218362,0.07361578254521065,0.09577882875920876,0.06448360534992266,0.08948802699440843,0.05874178399979426,0.08824032831646433,0.05301324863010789,0.04366179164110644,0.09633138838344407,0.05130782950329991,0.06849670068119137,0.06221313883137289
normal_31_likes_15900_id_7483004941213322542,139.6748310810811,0.058852195739746094,0.06371597200632095,3312.1653723205177,1925.4182733511257,3204.7509411731025,868.8895155793339,0.9693548387096774,0.09483232187913042,0.0943368844336622,0.09834723845330855,0.10459566514338883,0.10204118052076055,0.10627407092850817,0.09790938529156168,0.1135077915704618,0.09781135438803168,0.10837949146076384,0.11343252059754245,0.10494402474686348
normal_32_likes_41600_id_7493294519652224302,77.1338619402985,0.11161482334136963,0.15696249902248383,2579.916907153889,1696.808422690484,2633.615800500772,1234.4805097610804,0.9240393208221627,0.1315728363672152,0.1403284387246098,0.08288680122403289,0.08224168093620982,0.06850873541274022,0.143842231503227,0.0603886902387831,0.08393184086654658,0.12415742940980443,0.07846590119964386,0.10800248607467715,0.12024794832848044
normal_33_likes_86700_id_7523247946826075422,92.28515625,0.03926912322640419,0.011124493554234505,3772.494350885734,1177.7407192862272,4026.558133798233,557.3724847410208,0.9736263736263736,0.12250471642726472,0.05578946289110868,0.10419550913485158,0.07807506677504697,0.053667948702848786,0.07927431227798788,0.0485714728023271,0.10069733747268465,0.04568613852096061,0.0749031228221702,0.11848476046498697,0.07361213319213095
normal_34_likes_22700_id_7538142607772257550,107.666015625,0.06587231904268265,0.05887680873274803,2637.286149632219,937.8573787116898,3198.028746677545,502.84912885935233,0.8850102669404517,0.09587103909112109,0.08257414336435845,0.08358819856744015,0.08614581267105244,0.08073440127444771,0.06981682008560218,0.09133239723582662,0.09291540781992545,0.0839224349551141,0.08324718425335229,0.07051591920867228,0.09404027810578335
normal_35_likes_58200_id_7540363753703869751,172.265625,0.0550997294485569,0.05192119628190994,2363.086208371243,1613.6959046823868,3205.5999548838513,1238.4000121550785,0.8765368852459017,0.09506547490118873,0.0581369139420413,0.07157228341463745,0.06691565824455108,0.06855313234065484,0.09099692458680893,0.06493475738505239,0.08969918515429455,0.0661949515470489,0.06774598297104643,0.07132365555957679,0.05921434490634874
normal_36_likes_12100_id_7556652844523310367,132.51201923076923,0.10035098344087601,0.05433201417326927,2640.6127690612198,1599.4354181515441,2565.385437950835,771.6654037151771,0.9685840707964601,0.08999084344984636,0.09173499325930394,0.08251124010785635,0.09220827281654788,0.09168822449858902,0.09587435365748802,0.08872195699449403,0.09787681012578628,0.08466746469252169,0.0928863613064773,0.08647464149108786,0.09318691437965744
normal_37_likes_75000_id_7564143939821784350,151.99908088235293,0.041282881051301956,0.02429886721074581,2041.3863087533107,1323.7452312387168,2590.164241978282,799.5449905159824,0.8930141670737665,0.11533531622378973,0.07771309304139341,0.11744545151379084,0.07115761190712629,0.058483206618633286,0.09974759471491654,0.07834728358270437,0.10338020050405593,0.09169445520245399,0.10431220253889394,0.13077699383414498,0.07105438611688811
normal_38_likes_52700_id_7396801365420461358,60.09265988372093,0.16160257160663605,0.07309460639953613,2175.025483683563,1387.3109960072316,3022.498165747058,743.5413949309598,0.994,0.0976488825421865,0.07299315538983638,0.09020802470606411,0.09080859150752216,0.11823962558141253,0.11954816287944148,0.0868484038497354,0.09989151730439064,0.08186983789528433,0.09964329518943843,0.07307614112679525,0.06819409818239633
normal_39_likes_107200_id_7544374389890927886,132.51201923076923,0.0856705829501152,0.025817636400461197,733.1098777193275,408.9125410867941,1496.3925525859195,501.29443907758235,1.0,0.07598289721979043,0.06950605297517289,0.06747477299381514,0.06517683308957196,0.06359439557628593,0.05828701090686415,0.05265428164232407,0.050146906885744955,0.0601410151356117,0.05964953802209489,0.054940081171282545,0.05983319960314215
normal_3_likes_31800_id_7540683047117540663,101.33272058823529,0.05352160707116127,0.04691731557250023,1819.1907946274016,1392.3394064900663,2675.803149954169,1020.2050154093068,0.8987929433611885,0.09308649101884608,0.08614036842097278,0.07983846779546855,0.0888698850957386,0.0844604322481272,0.09252853787561725,0.08613517216045315,0.09154278611974642,0.08952565732962081,0.10258497715005704,0.08661825061160114,0.08359761375586347
normal_40_likes_27500_id_7416040047637433630,54.978390957446805,0.02288942039012909,0.012657277286052704,2613.9124831953413,1383.916831928795,3458.7470119429463,968.0664833484923,0.7134670487106017,0.07009973787901046,0.07492320388016328,0.0867504017771177,0.0842160773675725,0.06228387403031177,0.08489025267453275,0.07558230448348074,0.05537283629166115,0.05517746828030572,0.052475559646699504,0.07684457580347782,0.057808897308860345
normal_41_likes_43400_id_7553422683011091743,178.20581896551724,0.0864320769906044,0.05948379635810852,1970.451937800148,2071.5180320736827,2391.9528681415077,1336.9708737465671,0.9583952451708767,0.08481364183349227,0.08385002550437468,0.09176399358743008,0.09809278388604649,0.13656824300776527,0.14705812020452097,0.10888406773123815,0.08947600602596635,0.09577937531609965,0.10115269945722884,0.0930509211848212,0.08542049632536919
normal_42_likes_71700_id_7556690079058529567,93.96306818181819,0.035783473402261734,0.016029052436351776,2387.9507697650783,1258.9969822079731,3062.1240152707283,966.5901420979282,0.9829787234042553,0.069499983920786,0.09891315675793405,0.06746643815063746,0.08083289231877436,0.0967025264979048,0.08340691686776391,0.09496265138412421,0.06603714490010182,0.09387956981832951,0.07852728061663532,0.06068508966434325,0.07405809102635533
normal_43_likes_17700_id_7562334301166013718,132.51201923076923,0.10229767858982086,0.03800813481211662,2526.763499095547,980.7858251580909,3398.718202379849,730.1151420175908,0.9969104016477858,0.10765458870429002,0.053097401365853815,0.04996142913877923,0.0728868089913249,0.04802977927081208,0.11349408422735732,0.06467908447628343,0.09377553278757074,0.048111771340149496,0.059416075960175486,0.08706595045900711,0.04402961272301126
normal_44_likes_59100_id_7303636279936322862,126.04801829268293,0.035605039447546005,0.03410216048359871,4042.010994856956,1647.2278409448327,3651.6910194820557,765.2646724207665,0.9334312285854136,0.09144647682504155,0.08342559675712395,0.08021669281800327,0.08036625949591202,0.07683604054491651,0.07982273773639541,0.07973513733788001,0.08018480730834592,0.08768056103027672,0.0842710803025133,0.09748823139029239,0.09359722230204716
normal_45_likes_34400_id_7564156976251325703,129.19921875,0.02089828997850418,0.007078994065523148,2194.7407367143574,1521.349576791095,2944.3577878974256,1248.2856119253422,0.9938811188811189,0.0720785666371755,0.07708063117487844,0.07706114025281795,0.11427000939353286,0.05435624935650976,0.11067698452658703,0.10183351453835253,0.056353702333675475,0.053943833686089585,0.05365374290097166,0.11256476457906141,0.0617751539372359
normal_46_likes_82100_id_7558847527311740174,132.51201923076923,0.04876748099923134,0.040781453251838684,3203.1932545889963,1540.3871817669012,3448.634627148481,761.9945475853139,0.8777895855472901,0.10108341680150337,0.09656164192193417,0.10113587346864283,0.10847581151737554,0.09772189157205119,0.10382984511596906,0.09746899210307788,0.09573602494370845,0.08384023113234941,0.09409403614185805,0.09212407870162317,0.09913599898190908
normal_47_likes_21400_id_7463295674528828718,93.96306818181819,0.02726958505809307,0.03737043961882591,3200.6945956342433,1618.430595615324,3284.439339362083,1088.1450941475532,0.8928283642224013,0.11829928803908685,0.11236969574511435,0.10425048233524618,0.10790639387253548,0.09198079035656845,0.09777297806800847,0.10067062666686381,0.09845106234825522,0.10123696802053639,0.11151419993732042,0.11740511712674011,0.11601787023875433
normal_48_likes_62200_id_7418187878360026399,123.046875,0.04359802231192589,0.021597636863589287,3382.4892653666193,1158.0332590435855,3829.6275470367,766.658690525248,0.9702444208289054,0.10985046141174978,0.07654182348579579,0.09383626648983147,0.07578359272571747,0.09197186286694152,0.10413227789550311,0.07318670312954915,0.10325474565817658,0.07251475197529408,0.1090677275193304,0.07738334345076768,0.08059337715271081
normal_49_likes_11600_id_7558253309941927223,143.5546875,0.015347102656960487,0.018430277705192566,3505.2689700279016,1045.8897203998074,4436.519076963359,564.6229356611911,0.4558011049723757,0.03935825761833145,0.035753882296797324,0.039281236832740686,0.04255658469184318,0.03891632233816863,0.04471441632361084,0.03840084566728658,0.03903211282591231,0.03593143027933775,0.04058842038604222,0.036600961170252286,0.036358257796179794
normal_4_likes_17400_id_7558248534412152077,156.60511363636363,0.004347511101514101,0.009575371630489826,3241.142993202986,1487.303524255112,3795.5692898931425,734.3553840102222,0.654300168634064,0.05218769292630354,0.04821314093359684,0.05339459172262019,0.05587572007432419,0.05846946794091773,0.05241452638196786,0.0445746811688115,0.042307178848638965,0.03633531329544437,0.03712957962301118,0.035380364883149724,0.04329129120271253
normal_50_likes_93500_id_7545914679911107854,109.95678191489361,0.034496765583753586,0.0594458281993866,2529.6002335701405,1806.6507073506032,3234.9026866318654,984.6812379543703,0.8386114494518879,0.0913122964311704,0.08374340472171203,0.08345966969611163,0.08677926616741065,0.09011409874088548,0.09749221467265766,0.08882582179141298,0.09759611183004802,0.08979766922746442,0.09813581598538076,0.09291856759353995,0.09470013106922674
normal_51_likes_21100_id_7533277722089442590,114.84375,0.06471562385559082,0.045366499572992325,2379.50261458165,1497.2570578879202,3219.57570187276,897.3772957067396,0.9954337899543378,0.09991870956261645,0.09193829700572016,0.09559445936484877,0.08961101151190244,0.08798241848373142,0.09706920149253578,0.0538894581302191,0.09088065222787171,0.053324849648770566,0.06340032720026494,0.07552867950777119,0.06401100282329632
normal_52_likes_62500_id_7527804631657794846,120.18531976744185,0.04921935871243477,0.02361680567264557,3842.458525331126,1429.1588292564627,3463.4059922626657,742.6161962413239,0.9874213836477987,0.07545561487098867,0.09534694184607771,0.06478633692524322,0.07455449886612939,0.06699367121447827,0.08468195032267649,0.08775982381472322,0.061944854501793836,0.08145182681015674,0.050934981359576886,0.1392057916008828,0.07255522803551495
normal_53_likes_37000_id_7559227794656398605,93.96306818181819,0.16078604757785797,0.04485906660556793,1393.7587805294813,330.43227700501103,1990.2428725246102,376.84565167783757,1.0,0.08761053055082772,0.08528803652250022,0.07849418604102668,0.07565102991630109,0.07272550106463709,0.06041815456572078,0.055285333289037654,0.055659286383256276,0.062430423373459006,0.05751669259100113,0.05750270657797188,0.07633029251566337
normal_54_likes_26200_id_7564186910306913550,109.95678191489361,0.04371722787618637,0.03996333107352257,1632.1976769248768,425.38526106647544,2379.2517632049367,585.0095015724892,0.9402654867256637,0.09660251614017933,0.11674617637086306,0.08187782426143972,0.08977247301500192,0.11118362547026697,0.10100122351448756,0.101554458968104,0.08945575104397317,0.09354236511992832,0.0892348760574672,0.07370317091064382,0.08568041898423379
normal_55_likes_111100_id_7418609202073046302,107.666015625,0.13631734251976013,0.051915913820266724,2887.549515982852,1057.7928627738022,3380.286649813449,565.0600633741641,0.9987834549878345,0.1034290922006793,0.08099048557778361,0.07923795692845621,0.05320700378214807,0.08553361982166546,0.07304554401375692,0.06917972560681541,0.10378393050045315,0.06762094504047066,0.0765211199680719,0.05586666664845187,0.0713011942047198
normal_56_likes_18100_id_7524003882544926007,112.34714673913044,0.05967339873313904,0.05142528563737869,1836.9922585789172,1053.6480807163114,2596.7131816440146,778.9037409350923,0.96280276816609,0.08536271406265519,0.1019954600267828,0.09269958284956106,0.0990075394569062,0.0975052031917518,0.1147804486372735,0.0905054511648412,0.11423261994287871,0.13031032895248823,0.12629880826423234,0.12486086594803067,0.09255068237547052
normal_57_likes_13500_id_7518459843343060238,114.84375,0.02564501203596592,0.025078680366277695,3002.852518685575,1655.9645082057962,2869.437711229166,739.2151893747022,0.8537853107344633,0.09786509179237432,0.08953203177216877,0.08022810398101479,0.08185979173209408,0.07904164814229238,0.087596491365417,0.1152378621181457,0.10906854831747831,0.10404925799555233,0.09098690513145981,0.08950519882039316,0.08734082392191175
normal_58_likes_76600_id_7525596263971114270,129.19921875,0.041589826345443726,0.015725838020443916,2682.3476811964447,1643.773977274765,2980.562620474467,1138.1780240734638,0.878698224852071,0.09238738174951196,0.07869650935032689,0.08308078775907828,0.08558884422425177,0.08399247817460634,0.10280458120742357,0.0835062376923959,0.0803042189187063,0.08052176558377477,0.07477535204734681,0.07432147636739503,0.06829389787035874
normal_59_likes_47900_id_7535597272009116958,86.1328125,0.03197114169597626,0.027951251715421677,2751.586749973746,1707.8596990364251,2580.4356416028477,835.8672118017771,0.9261057173678533,0.11537243456911465,0.09895938053033243,0.08434982551322438,0.09458801459261708,0.08224272983998618,0.08929050091022223,0.09644265023170709,0.09512636168516994,0.09727002754575657,0.11187209949221463,0.10396491889609953,0.11910733765377174
normal_5_likes_43000_id_7506913208318496046,143.5546875,0.009803489781916142,0.009919407777488232,2419.714557373974,1277.7216369200953,2516.8995783825194,1067.2777590005187,0.9834394904458599,0.1039055231288117,0.10147980496208198,0.10400716919950613,0.09267127026915155,0.0883238368132831,0.08859529406887084,0.10005283310289273,0.10044887636286054,0.12048122442669959,0.10517309201918439,0.10840942499501738,0.10218032576324027
normal_60_likes_50100_id_7561200888036003103,77.1338619402985,0.1846628487110138,0.03405589982867241,3085.148915575166,1108.044220511414,3562.7097850613886,569.4816317913629,0.9976415094339622,0.09834040995873311,0.08169683092793899,0.10441000676126141,0.060734403659204184,0.09238730141475997,0.0794203882094726,0.05836999258363314,0.07402210574506732,0.06078792824701477,0.07765102572110968,0.05782168455736464,0.06926261670942101
normal_61_likes_59200_id_7557534743001074974,172.265625,0.1243276298046112,0.044151969254016876,2455.60527047196,1201.7318904623803,2874.2667203429796,862.1388729932132,0.990909090909091,0.10205570149811408,0.09983678634698395,0.08850319626917764,0.09058366347295865,0.1138292188324825,0.08706830872789846,0.07890652431415611,0.08185787194944472,0.08406797246943004,0.1170101739339788,0.11470508255766952,0.11343273968946496
normal_62_likes_77200_id_7552317372590214431,84.72079918032787,0.09308979660272598,0.05815808102488518,2274.6339128210398,1599.1582916029997,2917.1182304052427,1018.9175825995311,1.0,0.09217962287017295,0.08032756822510484,0.08606052628043694,0.09847834971623257,0.10722757289279271,0.11926335636538635,0.12001140389505405,0.10725322843548862,0.0898637317488937,0.10381142737955118,0.0950956831195489,0.09098982308290783
normal_63_likes_105400_id_7513261762968341806,123.046875,0.1178559735417366,0.033213771879673004,2937.387139339057,920.2320299195137,3776.4872772122653,499.2248745252508,1.0,0.0536770196429091,0.05139610805448344,0.08866185461964862,0.036318534311776444,0.09315788337573919,0.051307010218202144,0.07413523751464925,0.04554693742236281,0.05100512595744598,0.10965625861293736,0.0738668206810939,0.07122631516716592
normal_64_likes_10600_id_7483001771346922794,87.5926906779661,0.02243368700146675,0.02251029945909977,3184.436684183531,1451.1713040647435,3595.7056028443085,750.1648955130621,0.9669247009148487,0.09042094693425838,0.08462231982464997,0.08754869095177273,0.09302073704646943,0.08555764218200711,0.09321580857635627,0.09220580206493949,0.09640379523039005,0.08779813938053396,0.08868677250142769,0.0814608753675707,0.08461254225107005
normal_65_likes_74500_id_7560117671044451598,103.359375,0.13550524413585663,0.04488623887300491,3492.488108819091,1241.6982181613632,4027.5953717201623,587.4451948765678,1.0,0.07624261211882276,0.05365721946376818,0.07892579785359191,0.08827078385296484,0.05612124296015338,0.062265904343120175,0.07885790714639429,0.08684993639802803,0.06007357122348085,0.07145708300702998,0.08713123001130091,0.06480800673088177
normal_66_likes_55200_id_7557540715673373966,114.84375,0.044564615935087204,0.039154861122369766,2733.664134605672,2289.559938780584,2801.6932144409716,1067.0852434879964,0.9313725490196079,0.13279253639789929,0.1490443729642188,0.115099917258177,0.11166645844686138,0.09706116264512009,0.08849252208047247,0.09618859650016746,0.09739440522231214,0.08010566882734561,0.09124612383326287,0.09831677443265754,0.11373960307815263
normal_67_likes_14300_id_7516941123676294430,147.65625,0.0401509664952755,0.03536757454276085,2754.190149283398,1812.6613665712907,2698.3494999736295,929.8447739185505,0.953521630318198,0.10866922335414048,0.10524557311189205,0.1028101656507977,0.09801866878494227,0.09081486269416436,0.09759877179906819,0.10148679864756584,0.09951240193239395,0.09797863801260935,0.10912028999906892,0.10516023609229162,0.11213888405016659
normal_68_likes_49600_id_7553693101458541837,107.666015625,0.051937710493803024,0.028628259897232056,1681.519735477406,956.6906274005556,2623.367225413672,754.0881079611331,0.9492537313432836,0.07429257382122606,0.07380946449012053,0.061910757618976756,0.07634374875330009,0.07129155918624816,0.0837432415845443,0.06910087700810336,0.06430370008870266,0.0639364970566319,0.06535258034140483,0.06302255008821721,0.07329763659069705
normal_69_likes_91200_id_7533276670954884407,117.45383522727273,0.08735338598489761,0.04812304675579071,2885.6861622253664,853.2993402208135,3540.3077702551013,696.9321520063669,0.9917582417582418,0.11639061352023587,0.08210125926606476,0.05585071022413541,0.0665922130310806,0.0730921960916489,0.08304294117025884,0.08870647721469213,0.1041280612630926,0.115753782712426,0.0915911584115584,0.10513530192875341,0.10144816066498193
normal_6_likes_32300_id_7564181866035678519,112.34714673913044,0.08513664454221725,0.06927401572465897,1786.301893276157,1364.6533134006804,2320.8969728269394,742.260850044429,0.928030303030303,0.09523241958099432,0.1027053794233679,0.11960883569973008,0.12312804729778615,0.1087369032745575,0.09973831355005737,0.08246789226903238,0.07869512828896705,0.08639172542847372,0.06483635266378805,0.07059333981038633,0.07078884574021481
normal_70_likes_63900_id_7483228758514896174,86.1328125,0.007077456451952457,0.01047012209892273,3261.6363784144683,1920.98590204863,3572.271587610652,1380.5938310427775,0.8836772983114447,0.08352657631840767,0.07828919726469422,0.07416640361528196,0.07330496244948793,0.05952692024118733,0.07889751768126396,0.08252894685778787,0.09504394581477367,0.07460789073138029,0.08139327408416457,0.09473423225159118,0.10589547129279478
normal_71_likes_52200_id_7433507168529304862,92.28515625,0.1696779429912567,0.13577565550804138,2495.068684329637,1368.254166293755,2410.5842090765937,936.4678725042994,0.9705882352941176,0.12174603919783929,0.06079640897899473,0.12749883758341243,0.06355260616162862,0.09587503902024072,0.0837700274598037,0.049284017271302806,0.04542352476628664,0.07465450908584556,0.1215975073534492,0.08476425434636378,0.06254327482535271
normal_72_likes_56500_id_7559395696504245517,129.19921875,0.15757037699222565,0.060770560055971146,2490.6201513184033,1632.6629172122043,3224.625612768544,1167.9230071270392,0.9939516129032258,0.10006687803587662,0.10385680982265871,0.08046426403016445,0.10002055285135,0.08670063130512547,0.0919007069001734,0.08501315557642933,0.06055327808639579,0.08288802058192465,0.059673902641785855,0.07490165830879292,0.08198662109219575
normal_73_likes_27100_id_7535131930182815031,101.33272058823529,0.18597015738487244,0.07158422470092773,2153.366491632553,576.1362941440847,2909.691642793561,446.81739938702856,1.0,0.05742169832488875,0.053537827683176116,0.04376635463301683,0.03774098533263143,0.034103146923524306,0.038504172111994917,0.03919283508487803,0.03868804011455705,0.03631411964718024,0.03484565419434227,0.0373324768253733,0.04775402400395263
normal_74_likes_42000_id_7526832928811207991,126.04801829268293,0.020051954314112663,0.018206685781478882,1926.927518541386,764.9760911593338,2256.134946902056,644.0008663478121,0.565800162469537,0.07181823629532384,0.04298595071912487,0.07322265433049335,0.12028743724176078,0.05439735053737776,0.1050108956017104,0.06645862016477397,0.11669314874342476,0.07810080493347803,0.06274862297856523,0.11727807362427663,0.06131310358697295
normal_75_likes_31000_id_7548837577323711758,120.18531976744185,0.05314387008547783,0.029049724340438843,1925.3172167827227,1052.475041435477,2670.095078627872,878.713900538508,0.9187837567513503,0.08806306725250237,0.11032590824633264,0.0840723981183721,0.0930818558862535,0.08829610761406907,0.10605108790151031,0.08780134388861055,0.07983486359861112,0.08372833356568328,0.07732925802327847,0.07839164345075765,0.08089758427289012
normal_76_likes_34000_id_7538577100836539703,156.60511363636363,0.12718206644058228,0.052600402384996414,3309.353902530904,1859.6433685727825,3982.773062229314,1119.4520207251844,0.9953488372093023,0.07877400889438461,0.07154258839130351,0.06220535837385956,0.046756107416536644,0.06073642933675512,0.06875660779958606,0.08785826927020043,0.09519123670798155,0.06860143052891493,0.06740903890334154,0.06907801746592036,0.0710064240721173
normal_77_likes_27500_id_7562335351113649430,99.38401442307692,0.10383830219507217,0.03262340649962425,3309.39702940045,863.8898562405072,3633.1025871225634,569.9590446770867,0.997291807718348,0.08095729530423575,0.051156101414488536,0.0799423724853927,0.0634758574571325,0.05769368977267908,0.07523279576113057,0.06012362020224562,0.06346656570237229,0.04533147887894584,0.06812944045013136,0.04768242358316641,0.06521146131423194
normal_78_likes_65800_id_7561456867231206711,156.60511363636363,0.08766626566648483,0.028513051569461823,3109.418706503662,1597.4209343860084,3444.277819177997,875.8927139094762,1.0,0.1353337230781016,0.05194549699152139,0.07941607713705166,0.12464000430698613,0.054846741324545804,0.1508829868026243,0.07127404075095742,0.14550028346500526,0.08327977479131661,0.08286158907366484,0.1215012181039064,0.050203359286252795
normal_7_likes_44200_id_7546373233260449038,184.5703125,0.051817990839481354,0.014980167150497437,2930.84914238068,402.3404120883966,3150.4341731484164,328.2529822841832,0.9990757855822551,0.07875635781106273,0.08367982676009028,0.08025028659987266,0.0770641987758553,0.0831144908360995,0.06436418697975661,0.08622118657757523,0.07631649531812369,0.07647162994369265,0.08787636938145475,0.07879344117849008,0.08147031209762436
normal_80_likes_32200_id_7397877687269772574,178.20581896551724,0.05867225304245949,0.03524275869131088,1395.5550827451611,906.4722191442992,1804.646235974679,774.1717076058121,0.9464816650148662,0.07403401532274675,0.050093432782690225,0.13876275114618813,0.08972991296649165,0.08023723606123842,0.12629544586673264,0.041824593360336344,0.12554106047918748,0.03750034653785846,0.11708091156426947,0.10586678910826283,0.052826526339651826
normal_82_likes_40900_id_7561859064007773453,166.70866935483872,0.03119334578514099,0.03702399134635925,2080.271360580322,1104.0216129651376,2898.0910567598708,846.2802225385129,0.8449738903394256,0.11328790676931295,0.10196037448238078,0.10549960529061878,0.11581530689931281,0.10497656868321466,0.10729288062950712,0.0835432510003338,0.08171535082598565,0.08706191349715212,0.09761176310271306,0.0893214856512533,0.09508620005735303
normal_83_likes_34700_id_7556665618670406925,135.99917763157896,0.08241894096136093,0.0995999202132225,1773.7391296822777,1005.156231619386,2861.0158595598573,975.4342800081158,0.71,0.08328496905675942,0.07286912087942658,0.07467943350949327,0.07540913257321796,0.0748708712955185,0.08600010818443679,0.06309619695303774,0.06208728952415446,0.06773620413857004,0.0728065804526158,0.06982114115056275,0.07496153412854671
normal_84_likes_34600_id_7517661384499301687,132.51201923076923,0.07406765967607498,0.061558738350868225,2981.368757069369,1211.8477691418357,3463.9908438352822,754.0527427135992,0.8674435542607429,0.0987639574516972,0.095621352578662,0.09346854150228978,0.09532958435533047,0.0973157887694734,0.10663085080009048,0.09629430840283763,0.09514211758181929,0.09120335965226288,0.0964796015501111,0.09143921705707701,0.0924134619611574
normal_85_likes_24000_id_7486292240898411822,103.359375,0.015153787098824978,0.015556114725768566,3407.3687049811306,1783.3267353147667,3421.286822722172,1097.1455731762821,0.9557291666666666,0.08282179785976398,0.08912711933465547,0.08946654283698331,0.09065681159684366,0.0723296288062027,0.06767450033830608,0.07401861046904548,0.09346242841351973,0.08701356308715265,0.09139383861962226,0.07451812562677337,0.07406709701400384
normal_86_likes_7795_id_7558891371189325087,117.45383522727273,0.08055408298969269,0.054548971354961395,2747.1608596812594,1901.7562289590396,2996.6455675435354,1029.694879725425,0.9612582781456953,0.09910403590155571,0.10444406857457599,0.09322295259426402,0.09890009690889927,0.10000041959814507,0.09707090028517944,0.09815261022741378,0.09655533748457552,0.11718117169740107,0.11343971866172832,0.09747246182334121,0.1064527708071948
normal_87_likes_11900_id_7563719605663862029,120.18531976744185,0.0424804762005806,0.027482131496071815,2395.88433999353,1279.514994878045,2898.2348825900763,703.2374779229375,0.901685393258427,0.10212818416862977,0.08842039845023499,0.08510834147915244,0.08302979728310834,0.08822891389893739,0.10185330119460655,0.0771598393893863,0.08527117868650876,0.07901892239087442,0.09531095861115321,0.1043354681778668,0.08633637918459156
normal_88_likes_119500_id_7513980049121611054,109.95678191489361,0.1439291536808014,0.03818328678607941,2740.1216241083007,890.4738677616232,3796.1353086442655,664.7543756171389,1.0,0.12230542617042803,0.09632974299400657,0.10939069801697485,0.08529941578436726,0.09078338018380773,0.06906109739204322,0.08766193634336061,0.10781578813522155,0.05019123134289215,0.10024919609685733,0.056443736102436845,0.10497251196381492
normal_89_likes_87600_id_7236485370542624042,132.51201923076923,0.24989037215709686,0.12232319265604019,1703.2036265694207,858.8166162691065,2122.523466144126,767.1663854921038,1.0,0.0953099092997355,0.0791755328514762,0.10252836985285649,0.0693373653983449,0.10766577704881602,0.0816793891752448,0.07496410149867472,0.11068950228295783,0.05862845292843097,0.13204168702286506,0.05012179302275405,0.11876222999392252
normal_8_likes_109500_id_7561213627798277384,103.359375,0.09681552648544312,0.05262700468301773,2120.29395489615,1327.3668586981948,2449.563415698187,762.8284467675696,0.9784366576819407,0.11951347167130501,0.08500132402875094,0.0950460138170036,0.07654867665265436,0.09436990815522071,0.12688606569499616,0.07220256414233632,0.10479565423596798,0.08605133982597533,0.09546492627262966,0.09849601643400255,0.0972290652202644
normal_90_likes_21700_id_7558690687093460279,143.5546875,0.1255258172750473,0.014579479582607746,2389.3862319724276,999.8853273737315,3959.7708305454285,626.7947455515769,1.0,0.06231355878195856,0.043180135528606084,0.053926687603927506,0.048205361487664494,0.08948149729940877,0.06491790148512998,0.03827599658748096,0.08636822475262783,0.04211481728614323,0.09367936144853622,0.06326362863118505,0.08713029966276209
normal_91_likes_43400_id_7506899936903007531,135.99917763157896,0.06609587371349335,0.0696924552321434,2868.5791678286423,1546.441380812433,3280.4081021778343,853.7606422772142,0.9197396963123644,0.096568510402142,0.08759469181737156,0.08920122597407201,0.0944371239983413,0.09553374893378123,0.09544117189997392,0.09716162831553936,0.09966598691632791,0.09087500827670818,0.0933976181128196,0.09394474735149104,0.09293405149558882
normal_92_likes_68900_id_7481987417357012267,86.1328125,0.03274920582771301,0.008199377916753292,2496.856015894842,1016.3379762068633,3125.832538998387,763.7101931325315,0.994,0.04088361874080739,0.09662863990261493,0.061934200752349504,0.10626451095963933,0.043422380231292086,0.08928605777235553,0.11015689991415799,0.05866300360712893,0.06916306072517084,0.0440346480198062,0.06802065795135152,0.11792076545577362
normal_93_likes_61900_id_7537411459005828407,151.99908088235293,0.2855502963066101,0.11785927414894104,2406.306773417435,1232.28609833626,3418.549602839537,928.0187015270659,1.0,0.060785580649156096,0.05766480959770424,0.04856453014012852,0.04703059330208117,0.04436120121077244,0.04812359394598951,0.049227921696215766,0.04833195972303797,0.047214512794988485,0.04989378683179053,0.047483753266045585,0.054557952362990346
normal_94_likes_113300_id_7560098104066805006,147.65625,0.04236868396401405,0.02019275166094303,1567.1011614042104,692.5869832251466,1946.271487307267,506.2875880512476,0.9936305732484076,0.09113484854223813,0.08291257539025314,0.07300299001152945,0.07995453175725961,0.06461652832665288,0.13743122505059727,0.05192091293041959,0.053750296394283754,0.08811642885013335,0.061466320959467434,0.10708170810482331,0.06677109163039718
normal_95_likes_12700_id_7541623233842269470,87.5926906779661,0.0575488805770874,0.03280248865485191,3447.608135289746,1267.5935710356093,4055.8740456847495,674.0046024985921,0.9207836456558773,0.07087015130240577,0.06669355175929571,0.060167621391371544,0.060737588713993165,0.05954843869398424,0.0777374706984631,0.07642299430139568,0.08196664909662955,0.06914287089521423,0.06795581574658799,0.05715008396211041,0.057799011363262785
normal_96_likes_84500_id_7417155830354677022,147.65625,0.1130741611123085,0.022095169872045517,1693.7774223237418,608.151013806133,1909.5398788841912,348.990380791958,0.9977116704805492,0.09993642587601648,0.06350908557084739,0.08625121156827402,0.06316026277180158,0.083850767570289,0.09405257415644623,0.05471661444930064,0.09126767821895126,0.05829339939055995,0.08088234850692899,0.05035738613453647,0.06197481869992496
normal_97_likes_76300_id_7563467582280420616,129.19921875,0.06661318987607956,0.01965017057955265,2517.44945787184,1120.5817286168447,3495.9639500301537,589.73680143207,0.9920318725099602,0.09117455275128017,0.0647112920450183,0.09493057517410859,0.12644873654753694,0.10147829852412552,0.09122911890072541,0.0756347589845015,0.1461111735945132,0.06715478244370528,0.05407145921848975,0.11592385369806098,0.08489620400644197
normal_98_likes_113000_id_7560114759442484487,120.18531976744185,0.02900536358356476,0.019813230261206627,2152.5411150524806,1260.0499024537305,2383.934741528012,503.6966017326357,0.9559902200488998,0.1002521415957051,0.13497284213112232,0.05902015160397575,0.09534371787598121,0.04506224987884361,0.04715499139159321,0.06903744365460002,0.11552333564962206,0.11842113104662079,0.05455448686088215,0.09335100064210886,0.12735619807883883
normal_99_likes_110000_id_7548522029700353293,166.70866935483872,0.02806374430656433,0.019827041774988174,3167.2737430895304,1394.873108764039,2810.29184195924,875.3956439320295,0.8238916256157636,0.08583677902889345,0.08798510021909126,0.10450004883777074,0.08732157714461956,0.08195016482753291,0.09369980033302643,0.09681297862405112,0.0960175727612902,0.09022058209742222,0.09315578529512292,0.10071428918589967,0.0949132742459916
normal_9_likes_9707_id_7559684939684400414,87.5926906779661,0.03923008590936661,0.03967342525720596,1975.4356871845753,1509.9729746963642,1990.676897801913,910.0275875609005,0.9351927809680065,0.11705164634681367,0.06938959920512443,0.0797640420415271,0.07585127866448495,0.10728057079734311,0.10003688119199078,0.07338767001305295,0.10904251643048071,0.07036287558231655,0.10411385444086531,0.07523456977684162,0.07276365590237584
top_100_likes_339500_id_7498461301472070954,114.84375,0.035382483154535294,0.010260761715471745,1851.6219524122555,972.3154863547941,2118.977798198665,927.7156011285949,0.5508982035928144,0.09248523391233748,0.05639831139196766,0.07820694579401494,0.03620242325094803,0.15246217106222482,0.03835095202184633,0.012568712445403332,0.0706067026259729,0.11849610222638292,0.047665000187491084,0.020634000708499415,0.04749811029426376
top_10_likes_2000000_id_7219026508239686954,78.30255681818181,0.018957151100039482,0.00590417580679059,929.5286677665894,1097.230358287813,2028.2906274873615,645.1504484860964,0.98989898989899,0.09616788317938876,0.09552789897760045,0.08319809649128468,0.06107554456816488,0.055511470045511054,0.07476936067911923,0.06537522548216128,0.09232118430327378,0.07166921967086745,0.08987295195826574,0.06287758838423851,0.07304106695910617
top_11_likes_2000000_id_7554767993666915615,178.20581896551724,0.10633321106433868,0.026330197229981422,3073.835348476373,948.6557495967966,3625.6285650575473,540.587743314094,0.9979879275653923,0.11243749296836161,0.08470667952724602,0.09153047654069314,0.06856303935333193,0.07610704948983125,0.13410845255834228,0.07333890290177757,0.1056269976874589,0.06316232303239332,0.06796826970956961,0.10165872943388005,0.0862390212552286
top_12_likes_1900000_id_7556096007285591351,64.599609375,0.06616602092981339,0.028228573501110077,3411.125167774492,1656.9717779003986,3522.701419025815,1001.1955566543497,0.976,0.0736434194211814,0.09088341934936367,0.09504173072782648,0.08456471538593775,0.09356298239115096,0.09315898753655821,0.07976160369037565,0.07097849452871748,0.06801192518067974,0.07265879159142072,0.0674545040571655,0.08385197314955224
top_13_likes_1900000_id_7546069423900200247,117.45383522727273,0.02014022506773472,0.014616118744015694,2747.7463948104655,1620.3121143812696,2893.1375389295367,837.0032374237754,0.9290012033694344,0.10991681537717823,0.09777189031856488,0.09645326021823772,0.09541957294517925,0.08978104290101822,0.10400779691258526,0.09045137675818656,0.0959705204820621,0.09471268186448045,0.10329182748051194,0.09804489388784622,0.1072958182482794
top_14_likes_1900000_id_7400546786047298846,184.5703125,0.050210654735565186,0.037869926542043686,2818.68405185539,1356.5493272560504,3299.8546843953072,720.7879804558227,0.9936908517350158,0.09334389561210492,0.07400668672842578,0.10904151345952713,0.07117996254858051,0.07146439484469594,0.05175654749283637,0.0676310636163139,0.09238085049886643,0.05286704237953129,0.1149726810407626,0.061917781708682965,0.08730016512963812
top_15_likes_1800000_id_7553396193309560071,129.19921875,0.024152722209692,0.00965698342770338,2363.105605021706,1541.6029147822508,2808.592248506081,860.3217302190362,0.943089430894309,0.080957053202911,0.0655206246567514,0.07312322315239851,0.07922950336504038,0.09519419787879219,0.09288827606473245,0.08397617101056952,0.073885033494545,0.0891094539950318,0.08497985065462531,0.09757435217789576,0.06009117226810476
top_16_likes_1700000_id_7481463647085088043,103.359375,0.10120058804750443,0.07150175422430038,2263.005276869728,1635.3156429780047,2735.2850518388545,825.2514086735805,0.9564356435643564,0.1162422158935862,0.11211602234633032,0.09951731244511264,0.11225700497697938,0.07619331323893351,0.08887436233393663,0.06871871557186097,0.07879092797722181,0.09572983347859147,0.12007793078271652,0.1167497283698694,0.11270960280513913
top_17_likes_1700000_id_7461348964126706987,99.38401442307692,0.18742048740386963,0.08921796828508377,2506.0425801780334,1322.7245910931347,3008.990421259513,637.2335978949803,0.998003992015968,0.1067546847770642,0.10114577317830617,0.09468335882328788,0.08922711014529776,0.08772990193286752,0.07146325508857904,0.06312516340673606,0.06786089821857626,0.07025146347200313,0.1158602238226111,0.07897322787224544,0.09122542937170595
top_18_likes_1700000_id_7461341656470637867,151.99908088235293,0.18023774027824402,0.05309271439909935,2720.7185358752345,1791.421375681486,3119.4279406195037,1251.066388496136,0.9960079840319361,0.05796496989655019,0.06369091505081671,0.07190204340250873,0.08123179815523653,0.0916439192552359,0.1021464087089014,0.0945093446760474,0.0780812894697278,0.06447033288959401,0.06286811109222214,0.052504149710405984,0.04674244695272296
top_19_likes_1500000_id_7231352152743152942,139.6748310810811,0.044484373182058334,0.05343510955572128,2763.921835784135,1675.8724733201523,3052.05326177712,953.6778074628307,0.8305439330543933,0.11285016882655538,0.09540505296814542,0.09613395405793988,0.10045984639953029,0.08985163160336333,0.11127395735633278,0.0980713794454129,0.09440925393030035,0.0958520543630841,0.10712564547833422,0.11019640272745673,0.11917273967599913
top_1_likes_8500000_id_7461297586738154798,234.90767045454547,0.3531055152416229,0.1611463725566864,1412.66251804219,1098.6061488785829,1989.4763386160614,670.0864120056885,0.9878048780487805,0.07329536306269381,0.08957011210409872,0.10038585155486583,0.09958814355633257,0.14878614335591042,0.10002252601205101,0.12871535947624838,0.12083228460309782,0.0816508447711154,0.12777813377994934,0.06326048776241262,0.10863736695119075
top_20_likes_1400000_id_7538184429018041621,99.38401442307692,0.024927329272031784,0.014072508551180363,2983.0437012157254,903.2338062641144,2941.5367756514097,764.7854826853434,0.9360341151385928,0.09627898014458386,0.04590707430863135,0.07193349223522723,0.08959484001535471,0.0768093440424527,0.09817917037824261,0.05848270434890476,0.12547655757824105,0.05274335103278322,0.0692048720010669,0.06501922675603808,0.05511514141901342
top_21_likes_1400000_id_7516905495962209558,120.18531976744185,0.06973391771316528,0.058151502162218094,3210.1408316922057,1077.1591733807145,3579.8595662100643,734.2030054811767,0.9435695538057742,0.10295801624557693,0.07140285904938157,0.06918488980686578,0.07527088370921323,0.09945894108010754,0.09310411605721498,0.07133975149065724,0.078356751970029,0.08477933389014954,0.09208049202988033,0.06905523786413856,0.08878455169750997
top_22_likes_1400000_id_7505030969712217366,156.60511363636363,0.047605205327272415,0.08086804300546646,2217.686287734667,941.7581739880007,3221.3980215429847,704.6428247592874,0.4629080118694362,0.08012953252145144,0.05405413103514779,0.06304086587286442,0.06866864284856007,0.08004645306680445,0.07646961060669984,0.06286993504926613,0.05773690932078709,0.06465295071576288,0.045851688140891834,0.037975721201942904,0.06787162430248098
top_23_likes_1400000_id_7477048558412139806,101.33272058823529,0.16996264457702637,0.06857874989509583,3073.12571879625,1110.2440094230324,3431.6013948270847,563.4619969425547,0.9936708860759493,0.09306750239671518,0.07963854547956613,0.07098759177727434,0.09203105658723768,0.06888225473323917,0.07817830879099043,0.04977569335851941,0.06519552147547991,0.08862861997133689,0.059909797927233416,0.08459225573174597,0.05891329967970109
top_24_likes_1400000_id_7461455484957216046,132.51201923076923,0.21804538369178772,0.06110263988375664,2472.701421997773,1214.3064212243557,3180.0803011073426,711.8680761823231,0.9787234042553191,0.08117088435318262,0.10680568440447832,0.07000114801624059,0.1064149117173241,0.07472556105001729,0.10807036091454378,0.07053742337121596,0.05487655849263414,0.08385887953478391,0.062432022549762045,0.08334119363965894,0.068451992378431
top_25_likes_1400000_id_7491859948490607918,126.04801829268293,0.2175258994102478,0.17314596474170685,1722.6617316673146,1426.9063869314643,2499.0457054667145,1350.6114946258822,0.8807947019867549,0.1360473245269007,0.12745966764410327,0.13009775640463395,0.11275269857042454,0.09951844608400541,0.1122787618024121,0.08403718452617603,0.11347472415722815,0.08249845890120476,0.11233326270159212,0.09178894321292015,0.11207402372828651
top_26_likes_1300000_id_7494637665753713942,105.46875,0.0043707480654120445,0.016448592767119408,3339.935198895811,1064.6923262059242,3535.702150838065,1073.5626713551383,0.4842300556586271,0.08410811155632004,0.08587856264062829,0.08624824601522854,0.08319170682561058,0.08336950438322006,0.08222882780519133,0.09751855480170159,0.10000941182029421,0.10715313329986596,0.07989273359563714,0.0780738151213073,0.08027966760854725
top_27_likes_1300000_id_7481081623962733867,156.60511363636363,0.08602640777826309,0.06393247842788696,4108.832599454786,2003.8193153892535,3743.577553286609,793.7368234413511,0.9903225806451613,0.10239341862007037,0.10202672196015361,0.09849490627958252,0.10658419977794946,0.10162144367919823,0.09238500766350545,0.10216165643782615,0.11210405896148973,0.1097988600170715,0.09705425052449997,0.09871633339042903,0.10550623468133238
top_28_likes_1300000_id_7545647280955690253,105.46875,0.017725611105561256,0.018962595611810684,2908.1366686149586,1167.9770249472838,3255.0461524997563,913.1171269059192,0.828125,0.1045766266064431,0.10937118920697268,0.10279093525505792,0.09600793659831283,0.107412078448427,0.11237091244612694,0.11299242250352601,0.10192386489305208,0.0939079318314686,0.1266739629804723,0.09443802366132137,0.10744253058308795
top_29_likes_1100000_id_7498051752504151339,198.76802884615384,0.08602064847946167,0.07968608289957047,2145.3973329773803,2224.4587435266003,2529.215817274427,1314.4922404216536,0.6958762886597938,0.09248224106597096,0.10638014777680037,0.11892834071658798,0.10865183378752365,0.11976779638075526,0.11948368417143605,0.12049600863862293,0.13674689264077558,0.10070496778215066,0.09248071774985636,0.08382625895424389,0.08623056278157432
top_2_likes_7000000_id_7544520710744558903,139.6748310810811,0.07732978463172913,0.08106768876314163,2516.3909048362525,1227.674969158717,3278.948474577088,650.2648037025858,0.9824561403508771,0.10536969909718268,0.08012284004586888,0.0793855518147162,0.05731017114255652,0.08154981546636268,0.0837236152574237,0.09508910492340521,0.07635748849162825,0.04742783263537955,0.043056672978979534,0.06060652358329787,0.09559800243494823
top_30_likes_986000_id_7551930941900360981,172.265625,0.0454070158302784,0.025169359520077705,2078.4028401357873,1034.7128771923108,2569.235086191816,688.3285615557694,0.9045226130653267,0.09514914165057424,0.07003069629194529,0.07888355757749911,0.07185640247582556,0.09538768653840608,0.13065832124697632,0.09484126847147482,0.10079863907674433,0.08591538870361881,0.06383984101800104,0.05591274915702739,0.056448724971051634
top_31_likes_980000_id_7533694357220707605,132.51201923076923,0.15676383674144745,0.05443410575389862,2423.0201096703413,916.5236634024981,2977.356953343231,608.9010888163775,1.0,0.14471263615449628,0.06013682781341198,0.10151335604849539,0.12162206951899614,0.057257219649642685,0.12061599586106678,0.04621796474598097,0.10650120364563365,0.0483544747011841,0.060614930038847964,0.10733837242270892,0.056268890887762865
top_32_likes_1000000_id_7556001068405050638,126.04801829268293,0.02455609291791916,0.027466721832752228,2520.8994668896394,1722.2090996737418,2767.31293711227,1050.1489213928269,0.9841863833896668,0.10679466876476812,0.10230368978921958,0.10690958347692461,0.11032006906053976,0.10703248363116083,0.10877842403714555,0.10554341725237568,0.11528235041007352,0.10114857582892589,0.10711081248438202,0.10542568122614263,0.10588500340423658
top_33_likes_1000000_id_7556023299734605111,166.70866935483872,0.005070315673947334,0.0033438890241086483,1689.8083253047798,1185.3354647607825,2405.369935645979,674.3944482384023,0.933852140077821,0.13082712276949557,0.13009628044725813,0.15473973581404202,0.13635299920618213,0.09020485671085082,0.08304663815541309,0.1406073604113487,0.050226079209091216,0.06640127364697489,0.08069230258389178,0.06602289340966214,0.0656087820931069
top_34_likes_977600_id_7555647477790035208,89.10290948275862,0.02700151689350605,0.010201402008533478,3313.419536492173,1759.458088136856,3545.1273682902274,994.5959780192926,0.9806763285024155,0.0686698201144586,0.08513889346244904,0.08502554117389927,0.11266486755954826,0.09736441476024592,0.0899714123539008,0.08251463340211533,0.07173920125051003,0.11920171971982453,0.10645497517531295,0.06561405689253545,0.07853022209704882
top_35_likes_989400_id_7556996890223463735,123.046875,0.12638381123542786,0.07703576236963272,3856.836326742457,1595.838334738953,4048.339157927414,884.9820823277563,0.9479522184300341,0.0876677475397985,0.084505129769372,0.08016314231412949,0.08432581969819981,0.08807019720938111,0.0929549536287919,0.0741195942389985,0.08460597956669834,0.07599146034327643,0.0885983102743362,0.10165145302998758,0.08713589023010027
top_36_likes_979300_id_7500017699733425438,132.51201923076923,0.27115732431411743,0.1761942058801651,2652.0834947171375,1866.7060504818282,2932.638874150672,676.4682159612432,0.981294964028777,0.11662385279970161,0.10891662706460666,0.09866183493066157,0.09612205800546121,0.09613038949060788,0.09970534232751242,0.0868721214724847,0.09867592058844026,0.10404956504535633,0.11362467117121741,0.1048940219599971,0.10379322716489651
top_37_likes_979100_id_7561038181563419959,151.99908088235293,0.05298106372356415,0.02327330783009529,1891.3762691527684,1319.1412487951366,2872.761797303727,1137.8096132275627,0.993006993006993,0.08702540869920276,0.07279986851261834,0.06217671782635248,0.06429042271314898,0.06514186477292339,0.07995457966668187,0.04524632844473458,0.06784137246992501,0.06251125366836861,0.042013630682797176,0.061632257314064694,0.062382062782754204
top_38_likes_926700_id_7521737810315939085,68.90625,0.06564686447381973,0.0333823561668396,2953.3367848348757,1592.0513476258752,3627.4564871814546,1206.6336927710388,0.9705882352941176,0.07800702210819332,0.08130806673629132,0.0660170587356746,0.09655338630072607,0.060905810864285384,0.09235831508561393,0.0575305242113578,0.054991877362505014,0.07487032955254207,0.05893827902073791,0.09028536961551765,0.06456071632704145
top_39_likes_865900_id_7528483160141597982,99.38401442307692,0.03528632968664169,0.021304110065102577,1042.396714194972,398.92248366221565,1702.1933665902577,652.7622804087413,0.8477611940298507,0.0872193728018343,0.07037456890794143,0.11459834234238155,0.08828274721616243,0.08257890394329186,0.05263814865125713,0.06438240293751485,0.03237724179436574,0.02983670844225147,0.08864817008634716,0.03807488892375805,0.07416191555269401
top_3_likes_4300000_id_7538167343642397973,89.10290948275862,0.026862939819693565,0.010382556356489658,3348.5522864190984,1763.815692114996,3564.6732347435727,998.0525410863518,0.9804878048780488,0.07003952268773289,0.08746863056031062,0.08506556803411143,0.11073976486514492,0.09669263966216386,0.08980727367520111,0.08331572500399989,0.07183493578622267,0.11971412594669963,0.10635520623683052,0.06499921145856688,0.07894022273381747
top_40_likes_888800_id_7546649356707876109,139.6748310810811,0.01635870151221752,0.019297467544674873,2803.8087400012355,2059.0185639195956,3488.3161713221243,1710.937005940042,0.6942148760330579,0.11624091257111896,0.10798800714097405,0.101411563440412,0.08623985866384065,0.101201019837204,0.1218054734973331,0.15190097066265923,0.13433096891014987,0.11791577831580514,0.10816528515450838,0.10510390467445321,0.11623686801792801
top_41_likes_869200_id_7527278440291126550,92.28515625,0.05548940226435661,0.06524498760700226,3568.4562031554515,1595.0385688078131,3298.8159519657634,925.977832801685,0.7869249394673123,0.07718587743179503,0.07031338331442084,0.07176262269331116,0.07370997542595725,0.07961329687151618,0.08245143661252055,0.07421663810999282,0.07451693104043883,0.11396063996475529,0.06616664105488727,0.07669685667588001,0.07118674883457048
top_42_likes_874700_id_7542236120256482574,83.35433467741936,0.03535473719239235,0.028843706473708153,2432.2615817701935,1363.7883238004963,2837.2574341120953,883.4307388775701,0.9746192893401016,0.11656862463115994,0.11388961900147608,0.10511921325021369,0.09984173246439805,0.10861910217874172,0.10484816982488471,0.09801241992011728,0.09947765590566748,0.10354054784668223,0.11303075443105776,0.11142061581163733,0.11091088073302867
top_43_likes_822300_id_7493024973506792746,139.6748310810811,0.015449491329491138,0.021785292774438858,3079.431764078411,1609.2086014045872,2825.4758704134897,1350.6239614971641,0.9422249539028887,0.10628751051820357,0.09396785111984983,0.09306881712564215,0.11487306470653129,0.09813625028172117,0.10264036139031257,0.09938074140295165,0.09887374783844542,0.11221321723634313,0.10611110782063958,0.08883869117747342,0.09772687278679996
top_44_likes_778900_id_7552333719219031314,147.65625,0.11520352959632874,0.09709777683019638,2751.148302754402,1231.7233098250854,3471.411125585067,733.1213986044903,0.976,0.10567620805277401,0.09750183224589237,0.10980089013854384,0.0838152273778373,0.11146220509912594,0.09999905294405757,0.08200645306527592,0.08310540675824286,0.09445504663558765,0.09775225031230138,0.09422994757605964,0.0965195215859303
top_45_likes_780200_id_7548598130665622804,114.84375,0.06608270853757858,0.043025992810726166,2596.077882142884,1447.0856266912247,3541.304476046785,866.0931356659431,0.9765807962529274,0.13037429000234155,0.11362758392635267,0.07475165940478042,0.08111837984912204,0.09532494074591433,0.075218302293075,0.11761322951333368,0.0908116937306642,0.08968221523699717,0.07755767604473003,0.07590803398511645,0.11797559322222637
top_46_likes_767900_id_7553465778972937479,151.99908088235293,0.09006870537996292,0.036485303193330765,1692.7167486700364,919.8228354660636,2567.5561185782226,715.0788757817431,0.9850746268656716,0.056499965943706605,0.07519638030351562,0.045920496830673035,0.06318219410728232,0.05636023463880022,0.075730723356215,0.0659454774073616,0.04243091128605719,0.05226074167052067,0.04595962925613001,0.046243268419895726,0.046561290290535566
top_47_likes_769700_id_7541499742363110663,109.95678191489361,0.06258226931095123,0.04848501458764076,2273.518307765488,1123.513937647959,2850.468577203386,710.2816047654992,0.9388646288209607,0.10996816948507594,0.09539036212815831,0.10354114272232427,0.09188220144459074,0.1091803526114151,0.11447822844286384,0.09466750755929161,0.10096647740186976,0.09461537118107938,0.10736286657624303,0.09781523313878501,0.09266636618879544
top_48_likes_756500_id_7503547470006226198,97.50884433962264,0.06272527575492859,0.06232437863945961,3284.7137947231777,1281.6477448456476,3414.0949051378097,1186.4440616837276,0.7295597484276729,0.09101009326804133,0.09599172336833527,0.08096383661472271,0.10206800136611817,0.0953907443280564,0.08175267991198906,0.08434480090142281,0.08902461993733354,0.11069680430733113,0.09969880775430875,0.0964826992960046,0.1043279292618711
top_49_likes_756800_id_7513647103558585643,68.90625,0.1263003796339035,0.054670922458171844,2694.4536673486105,936.9236335503864,3548.089152539655,807.2923386252514,1.0,0.08140722839265095,0.08767059833031592,0.06935884253943833,0.10158675219630302,0.07004857619274647,0.10934066070167864,0.06442374031545943,0.04798885123779734,0.09586483980340856,0.05659353702521018,0.1055846439640203,0.07511456138328627
top_4_likes_3700000_id_7515083249782181163,143.5546875,0.07564421743154526,0.0701388567686081,3896.376456057818,1849.97430738362,3781.7706690692758,684.1015189032886,0.94,0.09202390529653562,0.06710023525687467,0.07160692592996357,0.07504780165654587,0.1085224374210029,0.10268644179982399,0.09103935238298591,0.1013414314175588,0.09388703346565773,0.08382655998232107,0.0890265964835488,0.09011026336414771
top_50_likes_737800_id_7553438363085245703,109.95678191489361,0.012617180123925209,0.00406743586063385,2792.04309330074,1002.352100070608,3361.9732735246234,533.2461424157016,0.9796747967479674,0.06481672624113272,0.04850523519829944,0.04628421503297387,0.08879515181675192,0.10646545055462416,0.05879398376228184,0.10374673511250103,0.06555079046028853,0.10094530531595855,0.08944988937629215,0.06594500392075921,0.12159279184589288
top_51_likes_747700_id_7562737445322706184,135.99917763157896,0.037875380367040634,0.02319355681538582,4363.44613804534,1853.7224617623224,3939.492382399664,832.7759114445358,0.9973544973544973,0.07245812911349034,0.09388367938662538,0.09239079164887178,0.08205021914526106,0.07861212463448788,0.06913881132367165,0.07456120156425153,0.07183338726141836,0.07738158939039518,0.08817763796636234,0.07417470623333598,0.10228223721197513
top_52_likes_720500_id_7511706784608898326,156.60511363636363,0.09406149387359619,0.04557327926158905,1772.0050514958295,613.3030056081226,2393.116947163976,655.6980934304947,0.998589562764457,0.09860218257324417,0.09444052342839697,0.08782748703226462,0.08683932054856125,0.10624798355083484,0.08146304200278742,0.09096659534197947,0.09954276791520918,0.08989596992095568,0.09517428422535239,0.08735110581135568,0.08888561848971499
top_53_likes_729700_id_7542648831586880823,143.5546875,0.03752598911523819,0.027522478252649307,1832.7340878100629,1144.1932996111216,2416.0735642588243,774.4013236668995,0.9053521126760563,0.08849171944220843,0.06822196901298311,0.07898610679145125,0.10104256964322021,0.1013426010141029,0.08812460418511704,0.11090932477154757,0.08881006368230425,0.1091926650173365,0.07604010797423259,0.09542907680899296,0.11483512939789471
top_54_likes_722900_id_7548194770137500941,105.46875,0.020626047626137733,0.01989678665995598,2155.457899910008,1404.5181139137073,2559.177396066158,831.6625119915144,0.945266507557677,0.10616717939832257,0.10367339590671522,0.1073616585456508,0.1135775004407924,0.1071752563276464,0.11513986310575493,0.11058349435584051,0.10980581287079463,0.10166325981865719,0.11261192368521399,0.11009013989435153,0.1057870285720179
top_55_likes_726800_id_7556358877843868941,156.60511363636363,0.02316340245306492,0.014517130330204964,2185.0184612257435,1186.5655196990547,3295.793972884124,548.6049722469916,0.9690265486725663,0.11219040961885242,0.07984691919415378,0.10536059162985432,0.0908462908882896,0.13564318370399134,0.10279767803404763,0.058260596842126304,0.0780456294043152,0.05770785011307022,0.07584068751678573,0.06214374672439611,0.11018964061525247
top_56_likes_715500_id_7541415269642652941,139.6748310810811,0.05507681891322136,0.05166962370276451,4002.4486244982936,2246.151520607499,4686.635423542506,1177.3971869680097,0.9209932279909706,0.10865974539976808,0.09251086561626669,0.08429581472769279,0.09705015014004024,0.09356543571141408,0.11604650430068415,0.10735608327974534,0.0960384391521494,0.09437276390601312,0.09436235221216552,0.0989516990316603,0.10421817652668772
top_57_likes_701500_id_7553724721108389133,93.96306818181819,0.07821600884199142,0.06601686775684357,3383.52217729213,1773.525516662084,3676.374099135173,1111.7845717192383,0.9845744680851064,0.11313978306976816,0.1010419241385411,0.0823632121678722,0.07983441384547728,0.11506351514861089,0.10006859836934355,0.12639500943594123,0.09642705094225218,0.10495782838923146,0.09712981441475195,0.10023614924357872,0.11921103003469037
top_58_likes_656000_id_7533687190707047701,97.50884433962264,0.09788413345813751,0.0472542829811573,2964.595142854635,1095.9837133492135,3570.952155999771,619.5022428035986,1.0,0.09862789278040476,0.0689487840544636,0.06942076450971942,0.09439422155299868,0.06303216121033736,0.06797516573616977,0.05764929356709743,0.11751728440893153,0.0795887713287063,0.07247920250342492,0.0783606188823868,0.05857171321893406
top_59_likes_661500_id_7552941212647361800,129.19921875,0.045983754098415375,0.03041239082813263,2449.345657822223,1537.3757578481586,2831.6364149883525,998.3744658531565,0.9708029197080292,0.08439891771943663,0.09736298321864377,0.10497803887882676,0.09160613405735597,0.10917015151011458,0.1027942988488781,0.08182282295297602,0.0748910135043886,0.06835788057109565,0.07204587535366275,0.09466099937312047,0.09742902282158249
top_5_likes_3100000_id_7532593973144210743,103.359375,0.08028299361467361,0.0410221666097641,2076.236795346837,924.8351346732728,2470.9902998674866,477.3468056652786,0.9676284306826178,0.06491231076438347,0.11766921740705519,0.08759191628599074,0.10113835581760623,0.08288954716302079,0.09139946077874482,0.10756820347666353,0.09083515384167502,0.09305285326636795,0.09860311584265348,0.10484259347404902,0.0653061564246703
top_60_likes_669700_id_7560100504492150030,151.99908088235293,0.031188078224658966,0.011854581534862518,3239.716751241247,1408.989991041179,3527.0958567947414,848.9399668099624,0.986,0.07149717636655778,0.08520327635271462,0.09935005838834823,0.0703169383445957,0.12847000893837793,0.07630364983484594,0.10093351590499296,0.06951585688683583,0.1015184828709912,0.08772458652155468,0.06328436982379972,0.11486531355675357
top_61_likes_630400_id_7501786655280336150,129.19921875,0.10499447584152222,0.04858529567718506,1637.8560688693212,894.1740448078892,2510.786386612134,982.5632870005918,0.9960369881109643,0.029904761678652872,0.035788836311073643,0.04147511099646697,0.030064626991750665,0.058098423132039105,0.07329667075007464,0.06371774154663398,0.07108827409113781,0.06328777437270278,0.06448654356156147,0.04467690742145427,0.0297166056823527
top_62_likes_615500_id_7539684741776248119,126.04801829268293,0.1272890567779541,0.02651107870042324,2820.560057409817,1188.8469271184701,3502.391352751349,854.9296211613112,0.9956331877729258,0.0745438798823986,0.07701307686332257,0.08524438710101197,0.08204995811456088,0.08078806055398284,0.06008224451510545,0.07246416313833656,0.060172654609324305,0.04665212537941451,0.04821724628542257,0.0605018917950902,0.09391974995800118
top_63_likes_579800_id_7538431890357865750,114.84375,0.012841159477829933,0.024004274979233742,3136.0028280057586,1382.0616274983433,3854.256773520978,750.3132479734895,0.4677944046844502,0.07258646209403,0.0582205515496527,0.05863035726923808,0.0653471920034801,0.05575777989441646,0.07036944251794758,0.05796918900454993,0.06183396424623819,0.0641500913418266,0.07183648263535979,0.060504771607389915,0.06296207833339754
top_64_likes_601600_id_7491043786580135214,95.703125,0.13414366543293,0.10266187787055969,2745.7445572519573,1702.6394386682593,3164.2809982188646,869.105103832224,0.9772036474164134,0.12274758023672046,0.10432966643770142,0.09297778361814882,0.10541719383254267,0.1254020456876082,0.10281981562587103,0.08129497265148795,0.07951671718467584,0.09073477852084098,0.10286989063354449,0.12225850550865987,0.11863604818220087
top_65_likes_572600_id_7541312762547408183,117.45383522727273,0.03519679605960846,0.03181419521570206,2710.7978151650445,1494.1015161226508,2812.998992305304,978.2095771996046,0.9790732436472347,0.08599700844528253,0.11478465890168761,0.08345452956590815,0.09200001878735292,0.11736179942298988,0.12312470171126477,0.10663046862345035,0.10903675361762168,0.09413618087445522,0.09473308871803796,0.09121262619936658,0.09382677493816788
top_66_likes_606500_id_7551538774350515511,63.02400914634146,0.007509641814976931,0.01320016011595726,2669.4887862427277,1234.2743679563107,2884.3140311192737,848.1293113250505,0.5825049701789264,0.100276878327949,0.09320529040805695,0.09177948369639385,0.08117404085454305,0.08568443404799775,0.08290770610319058,0.07601562486392442,0.06898594037845866,0.062209897856992075,0.07886909264594481,0.09099570274889592,0.09305955003053058
top_67_likes_585900_id_7531096947776671006,114.84375,0.1424073427915573,0.0717930793762207,1682.1664388289055,1262.545529720105,2482.9920437944984,747.1326400996898,0.9916317991631799,0.07666333090920399,0.07923556682397423,0.09790993305297717,0.09164079001777438,0.12310667348966504,0.08940930680175191,0.10818866061263412,0.11529011341204935,0.0734415771261377,0.10676289182356585,0.06318364192413076,0.09039666224567118
top_68_likes_572200_id_7559378658817854775,135.99917763157896,0.02668299712240696,0.03216322511434555,2234.0401850844855,1547.7320457298244,2582.71194428344,986.9628089543916,0.9809554902600935,0.10220309862854016,0.09838766753717848,0.09855454114146395,0.10935229677390733,0.11157375232323517,0.11649008586796043,0.11017103553458496,0.11356994496626518,0.10577254392467271,0.10683297170800433,0.1057305849516601,0.10354834692048873
top_69_likes_563200_id_7553427159684156690,92.28515625,0.1052011251449585,0.03645627200603485,2683.384733325522,796.4465281522066,3669.401583479526,514.688503986231,1.0,0.09620521435906614,0.06180222031419538,0.10424968902447523,0.08784113969842886,0.055483110302763886,0.08690823081417437,0.05665758282344598,0.09362893356909038,0.08245074712502345,0.06940378200294454,0.08690672440058096,0.05061211173735872
top_6_likes_2200000_id_7538179148267703572,105.46875,0.06370789557695389,0.014767815358936787,3120.851390415288,1288.5918759460899,3955.1334970320113,619.432478959964,0.9915966386554622,0.11130801762367779,0.05903656106263162,0.11903531321961901,0.08708043900662124,0.064355663573762,0.08364286650274141,0.05108431251100607,0.12192898312646568,0.06254635053428254,0.0747397419606938,0.10058621910912474,0.06559722871591582
top_70_likes_535000_id_7528058390535310605,78.30255681818181,0.01270658615976572,0.009927356615662575,2108.6405236349783,1161.5912582914732,2382.791152982093,569.5160179718281,0.804004214963119,0.10499356433723298,0.10724061333964396,0.10534732093324205,0.11862091151469686,0.1003861952477285,0.07625127054114259,0.06454559792949616,0.07836302045905658,0.0838775947210299,0.1023815661442795,0.08539245341289216,0.0855511681916922
top_71_likes_513600_id_7553827710083009799,99.38401442307692,0.07829324901103973,0.023388585075736046,2354.6392687787443,1257.4561366544588,3035.541991601148,970.174475217456,1.0,0.0982302487043247,0.09997671691481047,0.06088990619645486,0.10124844189878243,0.08443599415328347,0.09203539814572619,0.0892555458232969,0.054880044514452754,0.09338617311278388,0.04263286240022946,0.0855866601380291,0.08757579053585078
top_72_likes_501900_id_7456887093139164458,93.96306818181819,0.07378629595041275,0.03119860589504242,2439.5283329885083,1367.2100628027722,3046.4947054329227,862.368440260498,0.9920159680638723,0.08190098446861899,0.07156734513063791,0.07379102543071533,0.07189957027481471,0.07540674666618055,0.06102131171812344,0.05518692910405815,0.06760482844213951,0.0879250661486001,0.08888044636646436,0.0891958345055158,0.09675421576133379
top_73_likes_489400_id_7497125916095860014,126.04801829268293,0.08407582342624664,0.040727581828832626,1863.9357457354731,713.5460934029988,2288.4291482244466,840.7127155249331,0.9443141852286049,0.09384086038172736,0.044632760081018574,0.09849508881335971,0.04770103701528204,0.11907759425698093,0.0472680717280862,0.03163833837259076,0.17170986447378386,0.05254619105101118,0.1400753842684138,0.05722253811747929,0.09498884944884656
top_74_likes_493300_id_7561159008074124558,126.04801829268293,0.029950015246868134,0.02358931303024292,2610.5699646581875,1622.3052298559367,3100.3614871629893,922.9189046680889,0.8712460063897763,0.10419760363690636,0.09403412881985064,0.091720499864468,0.09854513369566213,0.09668907631761191,0.10438575688416553,0.09177434795190714,0.09553498544009119,0.09438252019937922,0.10459242431467954,0.1037741074423179,0.10395729415716111
top_75_likes_475700_id_7518015832954326294,120.18531976744185,0.11863073706626892,0.08396262675523758,2960.958796157442,1403.9882526512408,3487.489413179775,1038.384948585215,0.983580922595778,0.09394262329578053,0.09692929582782289,0.09592590855303067,0.10157330399395344,0.08047600293950942,0.08792428075894147,0.07229676518416338,0.07369216650214687,0.07603218362522046,0.07797480500351102,0.0766327250201641,0.07247969257283966
top_76_likes_487100_id_7513391798920989998,147.65625,0.04679877683520317,0.0507730133831501,2480.645371481074,1105.438808424288,2484.6290739710366,934.7083859022363,0.9003083247687564,0.10008797183801504,0.103321214305233,0.11131158586454921,0.10075848178572638,0.10175391634320652,0.08618282890095082,0.08069263517624568,0.11051539429183745,0.1291678009878656,0.10203762507494252,0.11312963396068881,0.1143495979612535
top_77_likes_476200_id_7552328634359368981,112.34714673913044,0.062261007726192474,0.03881843015551567,2783.2995464313303,1146.0666095706097,3321.679321993128,654.150573464634,0.952808988764045,0.07199697217616781,0.07630823262979979,0.10039911044900132,0.08913219683363184,0.0749010591466218,0.08449727358483852,0.060995949496003704,0.10135928950218628,0.07913607025388637,0.09569007126558769,0.14317256509005705,0.04848594561287646
top_78_likes_473800_id_7558622926065519885,109.95678191489361,0.10724498331546783,0.05582912638783455,2388.2121219392443,1207.9234093060259,3335.146554536,873.2409268141097,1.0,0.10952384681570547,0.09287062590968292,0.10378883570285768,0.10299642200861553,0.1139937786678557,0.10014268265861886,0.09709278394269699,0.11892562395186647,0.0815896448929141,0.12106712363579085,0.10428255882867538,0.10244216657051584
top_79_likes_457900_id_7561418302761766166,103.359375,0.020597761496901512,0.013028695248067379,2504.709485617233,796.7993624153571,2880.685781969698,552.3777811965842,0.7575757575757576,0.09523895149335762,0.09810864891236336,0.09325911117533978,0.09116612399009855,0.08998446138560882,0.09750849640293527,0.09976803398825622,0.09408953295097722,0.08681164389681138,0.0809563743951314,0.08495454676780861,0.09939963988084373
top_7_likes_2200000_id_7554865877619969294,114.84375,0.010129495523869991,0.010420702397823334,4310.044314465419,1803.176942371803,3511.62510804625,772.7020937520783,0.7477876106194691,0.12476375559273471,0.10552767011789756,0.09276105886581508,0.1039329889425114,0.08632059313021267,0.11153164090127021,0.09492262343285045,0.0920950861170422,0.09996631966356746,0.08402532777816296,0.1015460036964741,0.10586984999002864
top_80_likes_458400_id_7560178872621288718,93.96306818181819,0.025243015959858894,0.018299750983715057,2800.50152015178,1947.0239887264233,3647.714129373567,1288.5619679415947,0.9331896551724138,0.10750805698482689,0.061900245977024045,0.11106174207132546,0.052708150542927726,0.08129792291502935,0.11647430053792403,0.06959783697524546,0.07175703231327711,0.08478206480885261,0.11475596908566392,0.10983325742123957,0.06468490484965127
top_81_likes_439100_id_7530978492717190455,143.5546875,0.06702382862567902,0.018351465463638306,2400.1341009443727,556.089239459643,3675.990181012798,428.8536077101681,1.0,0.05918581771369584,0.05254175395097856,0.06234689770210011,0.06606140050648597,0.06416445325936024,0.07388737370089647,0.0651632938691631,0.06007141659681785,0.062383945705480885,0.05270328924589719,0.06965271536847933,0.05180370094987137
top_82_likes_430400_id_7552180816277769486,132.51201923076923,0.0951959416270256,0.09430358558893204,3018.7802125368025,1328.6946863685673,3346.2223025210205,870.6156483597046,0.9047256097560976,0.09179334694407494,0.08446162131049624,0.09399309249008359,0.09526777626197262,0.08393628756674831,0.08631408923433453,0.08302379136590485,0.08440158309678567,0.07085287968143542,0.08135753723941272,0.08107636442663552,0.08141826715811563
top_83_likes_416600_id_7535822781108194582,161.4990234375,0.05382135882973671,0.060185495764017105,3090.394225128539,1194.012181167351,3050.5558916563127,1093.4054689544607,0.9475566150178785,0.09264316749481051,0.07022709310009108,0.09951323798018785,0.09294496794265614,0.0783932332866915,0.08792575821792986,0.07561597855179612,0.092593556636327,0.0893716827554567,0.11149828153103007,0.07757907146754775,0.07930832350209885
top_84_likes_409900_id_7524695285293993238,147.65625,0.020920196548104286,0.03971189633011818,1450.9986129243991,626.0753612202847,2289.656632465756,697.802562658487,0.3148854961832061,0.058509803319068805,0.05034049653631812,0.06022817489910548,0.072384214148528,0.08396810469613782,0.08185864437904698,0.066548607834505,0.06372664139892542,0.07190262967322229,0.05894883965234935,0.04887294948148118,0.05712104150649753
top_85_likes_401500_id_7530273378234649878,132.51201923076923,0.010356691665947437,0.005012229550629854,647.1054302808834,341.1520398300274,1427.543063452144,486.5688496743851,0.7738014854827819,0.0831528357723186,0.046220787066777645,0.058283958675827745,0.13470766569481277,0.08829325938650998,0.14218750398842647,0.058215035711750865,0.12646824447147884,0.06872653966436965,0.029363244733269043,0.1390281551778575,0.05501872262849636
top_86_likes_412100_id_7561459495809846542,61.5234375,0.06387875974178314,0.020135672762989998,3156.913187356935,1228.6437311552552,3813.238048149964,578.2890594761326,0.9864406779661017,0.07403657558698862,0.09365493758826685,0.07730100139353674,0.07678698285401134,0.06599009329255978,0.07468241577282055,0.07460052710776938,0.07311191152820626,0.07288570329473244,0.07441999789623754,0.07450105617174711,0.07056910187703987
top_87_likes_413000_id_7562270156576148750,166.70866935483872,0.03697266802191734,0.007741548586636782,2543.8933264430816,642.6986076431461,3068.2553626567983,516.1162550993221,0.9516806722689075,0.09687292227476468,0.05347554259261413,0.10835035911812643,0.09847705591091872,0.06593554583624177,0.09702337407505891,0.03858280496836615,0.09354746860041614,0.04662982807725293,0.09687409645502745,0.12023725893581255,0.04754316122499087
top_88_likes_400000_id_7552987068071267591,114.84375,0.04005470126867294,0.04647109657526016,1853.9658373415018,1252.0664310412858,2585.690453548779,840.6425160203764,0.9349336702463676,0.11817020005625369,0.11010450019616785,0.10148124898699318,0.09237040960228238,0.12080505758649278,0.08681808236098457,0.078333778219057,0.08324791780070921,0.10520806868246983,0.1122541645973571,0.08299323701968327,0.11114833260772393
top_89_likes_400100_id_7554814344748354830,147.65625,0.05969778448343277,0.016331573948264122,1980.9512891805603,1113.6770840011936,3077.805588997865,694.5055405437462,0.9899244332493703,0.06594202348490412,0.0773231513277955,0.06290145779420081,0.05577984688984533,0.0783140905383481,0.06121762307423487,0.06451292203688713,0.0432354675247206,0.05518450316385737,0.05472172815305773,0.04854273863948038,0.07088322484687767
top_8_likes_2100000_id_7552319522443709716,103.359375,0.15021614730358124,0.06202216446399689,3362.809748908712,1134.8517089835432,4012.6077562909522,673.3409428056545,1.0,0.08082989687055044,0.06880471426443273,0.10525286622446671,0.05919797147337583,0.10242491803764453,0.08312304138415487,0.0781318300862054,0.09742476147828,0.06159824059995466,0.0711923644324822,0.05516135933034862,0.07195160699779711
top_90_likes_388200_id_7543753322679864589,112.34714673913044,0.022902583703398705,0.02228701114654541,2215.036513273964,1608.7166476541913,2458.1646994674193,987.2544627795407,0.9634302431888828,0.10191576734099628,0.0976431486585627,0.10011129418059729,0.10895471717784158,0.10364211243946564,0.11468871790769622,0.10579009785866092,0.10907426408815192,0.10044370768158996,0.10586536705202958,0.10890289892370499,0.1098262657821985
top_91_likes_387800_id_7546980162093534478,117.45383522727273,0.03243984654545784,0.023566963151097298,3378.602578077494,1503.3810410813778,3822.2008138052183,879.1412895701561,0.9743954480796586,0.07987242118577141,0.07377466961671031,0.07163860580760464,0.06962059429953389,0.07466991450015592,0.06748299471410532,0.06216092613513487,0.06248552397138043,0.07097014635759218,0.06749553556719849,0.06483406615983935,0.0747317311736347
top_92_likes_373200_id_7550956666187975991,129.19921875,0.03837369754910469,0.015368484891951084,2587.993979501396,1248.0899866968643,2859.173662975621,832.7800081853054,0.9655172413793104,0.06296880795893449,0.06873305114273616,0.10643123008685686,0.09932987132106803,0.08148716775650806,0.07426553584632595,0.06172609172849181,0.09374074631151265,0.0881962239716885,0.05781233630773979,0.08580933391917833,0.07814169264819787
top_93_likes_371700_id_7562727779981135159,109.95678191489361,0.02708442695438862,0.021162858232855797,2307.168747199014,1729.0075625855857,2700.649562130767,925.3320943303441,0.9592781119851921,0.12147714200219462,0.11749541973622529,0.11056092761360074,0.11252953956821372,0.0983189221152773,0.10552111311339009,0.09763057173794781,0.1128520963123811,0.09922447891393976,0.10455137614911089,0.10130243857073022,0.11310378286202426
top_94_likes_371900_id_7515067489852673323,97.50884433962264,0.04769313335418701,0.018681582063436508,1718.893519879782,650.0677703724174,2621.800407075748,674.3520534291484,0.9837067209775967,0.09629038033157086,0.0874219549040779,0.0880368999976382,0.07953624564087912,0.0995931220453399,0.08536625440160205,0.07433747079925822,0.08724665587238328,0.08862920503211759,0.09724437989778519,0.07557996564204476,0.07352365038898923
top_95_likes_367000_id_7547911100520467725,107.666015625,0.04312107712030411,0.035526446998119354,1960.584994681874,818.4210157954186,1919.7299279663519,580.0162254712728,0.9633343779379505,0.11790597095553633,0.09428530169150738,0.08929989717090028,0.10804801413012628,0.10874575006478793,0.12334623861555262,0.11819470211605948,0.11231403918666061,0.11193252015562524,0.13059092542038106,0.11326680356849649,0.11236160494803941
top_96_likes_365300_id_7560113050100043026,123.046875,0.07343518733978271,0.04807092621922493,1881.9617492976815,781.8332489229603,1759.237820476707,501.80828005779136,0.9472237493128093,0.11023151503502533,0.12193395063223073,0.10944821699001658,0.0957637211987291,0.07883920414963916,0.08613104234742666,0.10107498871666837,0.09874753810584493,0.09266448086669847,0.1149763966198107,0.09853012712413566,0.11060207741234035
top_97_likes_341000_id_7532465100771413270,90.66611842105263,0.01925533078610897,0.035660866647958755,2320.5604500700274,826.3014608716697,3134.1329554395957,546.1852210015544,0.2851674641148325,0.05111156332800195,0.05963467403267395,0.07339968043664558,0.07117577320516105,0.05072788920067839,0.05511965091738933,0.04430395364348604,0.05853019358440105,0.05572396554817306,0.07320150040560364,0.0640990880845401,0.05195947735229147
top_98_likes_343800_id_7522839955991956759,161.4990234375,0.022519562393426895,0.03075214847922325,1871.6207366503997,1331.0585775452419,2662.3004603040504,1012.156060697045,0.5727181544633901,0.05530826579833883,0.05591742987764793,0.05872504852515921,0.06394562541791562,0.07353943098834391,0.06972056461854181,0.057256397660973825,0.054523453017467895,0.05753503583160049,0.056292017433269816,0.060187797825096534,0.06590691526432707
top_99_likes_331300_id_7520613613476826390,156.60511363636363,0.02972252294421196,0.04414570331573486,2756.8562958723824,1106.134980119317,3502.1381864671903,777.1039457682882,0.5433114035087719,0.06103485357524493,0.050313078588811726,0.05064651644359139,0.04492362047493077,0.04655449794378848,0.05405323740058529,0.04313588909461515,0.050375825756835156,0.041688767954852095,0.04567240094277861,0.043100182799341524,0.050395641572164564
top_9_likes_2000000_id_7538175287809379604,129.19921875,0.012208150699734688,0.004909819457679987,2394.052184359697,1524.1263572656233,2901.6195021597246,856.9542045915452,0.983739837398374,0.08029860042846876,0.06398529840597107,0.07202562414329948,0.07853363268946875,0.09447107582306331,0.09240732429150461,0.08308586973102167,0.07266249454060648,0.08981712430958193,0.08629623879089823,0.09648763528917004,0.05875885049653174
