group,is_viral_proxy,txt_title_has_mention,txt_title_has_question,txt_title_has_hashtag,bpm,rms_mean,rms_std,spectral_centroid_mean,spectral_centroid_std,spectral_bandwidth_mean,spectral_bandwidth_std,speech_ratio,chroma_var_0,chroma_var_1,chroma_var_2,chroma_var_3,chroma_var_4,chroma_var_5,chroma_var_6,chroma_var_7,chroma_var_8,chroma_var_9,chroma_var_10,chroma_var_11,schnitt_frequenz,durchschnittliche_bewegung,anzahl_frames,video_dauer_sek,ist_person_prominent,ist_tier_sichtbar,avg_objekte_pro_frame,avg_gesichter_pro_frame,dominante_emotion,ist_text_eingeblendet,text_sentiment_compound,video_kategorie,is_viral
top,1,0,0,0,78.30255681818181,0.0189571511000394,0.0059041758067905,929.5286677665894,1097.230358287813,2028.2906274873617,645.1504484860964,0.98989898989899,0.0961678831793887,0.0955278989776004,0.0831980964912846,0.0610755445681648,0.055511470045511,0.0747693606791192,0.0653752254821612,0.0923211843032737,0.0716692196708674,0.0898729519582657,0.0628775883842385,0.0730410669591061,0.0,0.8855951,9,9.0,1,0,1.0,1.0,neutral,1,0.0,Prank,1
top,1,0,0,0,139.6748310810811,0.0444843731820583,0.0534351095557212,2763.921835784135,1675.8724733201525,3052.05326177712,953.6778074628309,0.8305439330543933,0.1128501688265553,0.0954050529681454,0.0961339540579398,0.1004598463995302,0.0898516316033633,0.1112739573563327,0.0980713794454129,0.0944092539303003,0.0958520543630841,0.1071256454783342,0.1101964027274567,0.1191727396759991,0.0,3.9068198,29,29.0,1,0,2.0,1.6,happy,1,-0.4767,Fitness,1
normal,0,0,0,1,132.51201923076923,0.2498903721570968,0.1223231926560401,1703.2036265694207,858.8166162691065,2122.523466144126,767.1663854921038,1.0,0.0953099092997355,0.0791755328514762,0.1025283698528564,0.0693373653983449,0.107665777048816,0.0816793891752448,0.0749641014986747,0.1106895022829578,0.0586284529284309,0.132041687022865,0.050121793022754,0.1187622299939225,0.35,6.0644374,20,20.0,1,0,4.4,2.2,sad,1,0.0,Unboxing,0
normal,0,1,1,1,129.19921875,0.0330993980169296,0.0408234931528568,1648.4156378092316,919.3715011207572,1962.8442443497408,646.9610172866676,0.8085603112840467,0.1153891797542516,0.0936861053472232,0.0765681006955375,0.0754629341722924,0.0752836184373586,0.0805939422973701,0.0697683569874293,0.0732038410327614,0.074198009711218,0.0917362149245471,0.1086212302616385,0.111694812876907,0.0,4.0501037,39,39.0,1,0,4.0,2.0,neutral,1,0.0,Unboxing,0
normal,0,0,1,0,126.04801829268293,0.035605039447546,0.0341021604835987,4042.010994856956,1647.227840944833,3651.691019482056,765.2646724207665,0.9334312285854136,0.0914464768250415,0.0834255967571239,0.0802166928180032,0.080366259495912,0.0768360405449165,0.0798227377363954,0.07973513733788,0.0801848073083459,0.0876805610302767,0.0842710803025133,0.0974882313902923,0.0935972223020471,0.0161290322580645,3.61183,62,62.0,1,0,3.4,2.0,happy,1,0.0,Unboxing,0
normal,0,0,0,0,60.09265988372093,0.161602571606636,0.0730946063995361,2175.025483683563,1387.3109960072316,3022.498165747058,743.5413949309598,0.994,0.0976488825421865,0.0729931553898363,0.0902080247060641,0.0908085915075221,0.1182396255814125,0.1195481628794414,0.0868484038497354,0.0998915173043906,0.0818698378952843,0.0996432951894384,0.0730761411267952,0.0681940981823963,0.0625,8.258968,16,16.0,0,1,1.2,1.0,sad,1,0.0,Reise,0
normal,0,1,0,0,178.20581896551724,0.0586722530424594,0.0352427586913108,1395.5550827451611,906.4722191442992,1804.646235974679,774.1717076058121,0.9464816650148662,0.0740340153227467,0.0500934327826902,0.1387627511461881,0.0897299129664916,0.0802372360612384,0.1262954458667326,0.0418245933603363,0.1255410604791874,0.0375003465378584,0.1170809115642694,0.1058667891082628,0.0528265263396518,0.5483870967741935,6.935348,31,31.0,1,0,4.0,4.2,neutral,1,0.5766,Fashion,0
top,1,0,0,1,184.5703125,0.0502106547355651,0.0378699265420436,2818.68405185539,1356.5493272560504,3299.8546843953072,720.7879804558227,0.9936908517350158,0.0933438956121049,0.0740066867284257,0.1090415134595271,0.0711799625485805,0.0714643948446959,0.0517565474928363,0.0676310636163139,0.0923808504988664,0.0528670423795312,0.1149726810407626,0.0619177817086829,0.0873001651296381,0.0,8.037006,10,10.0,1,0,2.0,1.8,happy,1,0.0,Beauty,1
normal,0,1,0,0,89.10290948275862,0.1180925220251083,0.0395137295126915,1121.9612067474152,308.2303950455079,1597.751964215765,356.82919181625454,0.9935691318327974,0.0941516777600511,0.1024141973884478,0.0369641089943211,0.0925599286289089,0.1214031169190763,0.0316859198646105,0.1053689296121991,0.0210418282432577,0.1030326250410888,0.0617276446107286,0.0940478156340579,0.1438816562376112,0.1578947368421052,10.278626,19,19.0,1,0,2.0,1.0,sad,1,0.0,Beauty,0
normal,0,1,0,0,54.978390957446805,0.022889420390129,0.0126572772860527,2613.9124831953413,1383.916831928795,3458.7470119429463,968.0664833484924,0.7134670487106017,0.0700997378790104,0.0749232038801632,0.0867504017771177,0.0842160773675725,0.0622838740303117,0.0848902526745327,0.0755823044834807,0.0553728362916611,0.0551774682803057,0.0524755596466995,0.0768445758034778,0.0578088973088603,0.5454545454545454,7.3405724,11,11.0,1,0,1.2,1.0,neutral,1,0.3612,Unboxing,0
normal,0,1,0,1,147.65625,0.1130741611123085,0.0220951698720455,1693.7774223237418,608.151013806133,1909.5398788841912,348.990380791958,0.9977116704805492,0.0999364258760164,0.0635090855708473,0.086251211568274,0.0631602627718015,0.083850767570289,0.0940525741564462,0.0547166144493006,0.0912676782189512,0.0582933993905599,0.0808823485069289,0.0503573861345364,0.0619748186999249,0.2857142857142857,8.146379,14,14.0,1,0,1.2,1.2,angry,0,0.0,Fashion,0
normal,0,0,0,0,123.046875,0.0435980223119258,0.0215976368635892,3382.4892653666193,1158.0332590435855,3829.6275470367,766.658690525248,0.9702444208289054,0.1098504614117497,0.0765418234857957,0.0938362664898314,0.0757835927257174,0.0919718628669415,0.1041322778955031,0.0731867031295491,0.1032547456581765,0.072514751975294,0.1090677275193304,0.0773833434507676,0.0805933771527108,0.3684210526315789,11.737617,57,57.0,0,0,2.0,1.2,sad,1,0.0,Fashion,0
normal,0,1,0,0,107.666015625,0.1363173425197601,0.0519159138202667,2887.549515982852,1057.7928627738022,3380.286649813449,565.0600633741641,0.9987834549878344,0.1034290922006793,0.0809904855777836,0.0792379569284562,0.053207003782148,0.0855336198216654,0.0730455440137569,0.0691797256068154,0.1037839305004531,0.0676209450404706,0.0765211199680719,0.0558666666484518,0.0713011942047198,0.36,9.99598,25,25.0,1,0,2.2,1.2,neutral,0,0.0,Fashion,0
normal,0,1,0,0,92.28515625,0.1696779429912567,0.1357756555080413,2495.068684329637,1368.254166293755,2410.5842090765937,936.4678725042994,0.9705882352941176,0.1217460391978392,0.0607964089789947,0.1274988375834124,0.0635526061616286,0.0958750390202407,0.0837700274598037,0.0492840172713028,0.0454235247662866,0.0746545090858455,0.1215975073534492,0.0847642543463637,0.0625432748253527,0.0476190476190476,11.759534,21,21.0,1,0,1.0,1.0,sad,1,0.0,Fashion,0
normal,0,1,0,1,83.35433467741936,0.1242968440055847,0.0426890552043914,2893.2693312324,1177.5025869312117,3258.3036774107013,621.8666959329112,0.9968274111675128,0.0904557046820904,0.0784028930211637,0.1081844143382582,0.0758578783409518,0.1076793250977653,0.0958498382917105,0.0892202685864568,0.066124164128929,0.07531404943628,0.0845917713900389,0.0506142161958772,0.1266764776541228,0.75,11.450206,48,48.0,1,0,2.6,1.2,sad,1,0.0,Unboxing,0
normal,0,0,0,1,147.65625,0.0458564348518848,0.044010866433382,1975.0777566015397,1202.795288835236,2279.804243059668,821.2534735006982,0.9390503189227498,0.1037945877276147,0.0921522607793203,0.0903815683084813,0.0940853123908972,0.0799586422075699,0.0936649534898751,0.0890061131207395,0.0861148711211154,0.0789307259994653,0.0955607259290612,0.0872133271248181,0.0895756178448569,0.0823529411764705,6.322501,85,85.0,1,0,3.2,2.0,neutral,1,0.5994,Prank,0
top,1,0,0,0,93.9630681818182,0.0737862959504127,0.0311986058950424,2439.5283329885083,1367.2100628027722,3046.4947054329227,862.368440260498,0.9920159680638724,0.0819009844686189,0.0715673451306379,0.0737910254307153,0.0718995702748147,0.0754067466661805,0.0610213117181234,0.0551869291040581,0.0676048284421395,0.0879250661486001,0.0888804463664643,0.0891958345055158,0.0967542157613337,0.0625,4.626656,16,16.0,1,0,1.0,1.0,surprise,0,0.0,Tanz,1
top,1,0,0,0,234.90767045454547,0.3531055152416229,0.1611463725566864,1412.66251804219,1098.6061488785829,1989.4763386160616,670.0864120056885,0.9878048780487804,0.0732953630626938,0.0895701121040987,0.1003858515548658,0.0995881435563325,0.1487861433559104,0.100022526012051,0.1287153594762483,0.1208322846030978,0.0816508447711154,0.1277781337799493,0.0632604877624126,0.1086373669511907,0.0,6.348154,13,13.0,1,0,11.6,10.8,happy,0,0.0,Prank,1
top,1,0,0,0,151.99908088235293,0.180237740278244,0.0530927143990993,2720.7185358752345,1791.421375681486,3119.4279406195037,1251.066388496136,0.996007984031936,0.0579649698965501,0.0636909150508167,0.0719020434025087,0.0812317981552365,0.0916439192552359,0.1021464087089014,0.0945093446760474,0.0780812894697278,0.064470332889594,0.0628681110922221,0.0525041497104059,0.0467424469527229,0.0,9.691022,16,16.0,1,0,1.4,1.2,happy,0,0.0,Beauty,1
top,1,0,0,1,99.38401442307692,0.1874204874038696,0.0892179682850837,2506.0425801780334,1322.724591093135,3008.990421259513,637.2335978949803,0.998003992015968,0.1067546847770642,0.1011457731783061,0.0946833588232878,0.0892271101452977,0.0877299019328675,0.071463255088579,0.063125163406736,0.0678608982185762,0.0702514634720031,0.1158602238226111,0.0789732278722454,0.0912254293717059,0.0,6.528947,16,16.0,1,0,1.4,1.0,sad,0,0.0,Prank,1
top,1,0,0,0,132.51201923076923,0.2180453836917877,0.0611026398837566,2472.701421997773,1214.3064212243555,3180.0803011073426,711.8680761823231,0.9787234042553192,0.0811708843531826,0.1068056844044783,0.0700011480162405,0.1064149117173241,0.0747255610500172,0.1080703609145437,0.0705374233712159,0.0548765584926341,0.0838588795347839,0.062432022549762,0.0833411936396589,0.068451992378431,0.0,4.7846456,8,8.0,1,0,11.0,9.0,happy,1,0.0,Prank,1
normal,0,1,0,1,93.9630681818182,0.027269585058093,0.0373704396188259,3200.6945956342433,1618.430595615324,3284.439339362083,1088.1450941475532,0.8928283642224013,0.1182992880390868,0.1123696957451143,0.1042504823352461,0.1079063938725354,0.0919807903565684,0.0977729780680084,0.1006706266668638,0.0984510623482552,0.1012369680205363,0.1115141999373204,0.1174051171267401,0.1160178702387543,0.0714285714285714,6.883583,112,112.0,1,0,2.2,1.0,fear,1,0.0,Unboxing,0
top,1,1,0,0,101.33272058823528,0.1699626445770263,0.0685787498950958,3073.12571879625,1110.2440094230324,3431.6013948270847,563.4619969425547,0.9936708860759492,0.0930675023967151,0.0796385454795661,0.0709875917772743,0.0920310565872376,0.0688822547332391,0.0781783087909904,0.0497756933585194,0.0651955214754799,0.0886286199713368,0.0599097979272334,0.0845922557317459,0.058913299679701,0.0666666666666666,4.554646,15,15.0,1,0,2.0,1.6,happy,1,0.0,Fashion,1
top,1,0,0,0,156.60511363636363,0.086026407778263,0.0639324784278869,4108.832599454786,2003.8193153892537,3743.577553286609,793.7368234413511,0.9903225806451612,0.1023934186200703,0.1020267219601536,0.0984949062795825,0.1065841997779494,0.1016214436791982,0.0923850076635054,0.1021616564378261,0.1121040589614897,0.1097988600170715,0.0970542505244999,0.098716333390429,0.1055062346813323,0.0,6.0923877,10,10.0,1,0,1.0,1.0,neutral,1,0.0,Tanz,1
top,1,0,0,0,103.359375,0.1012005880475044,0.0715017542243003,2263.005276869728,1635.3156429780047,2735.2850518388545,825.2514086735805,0.9564356435643564,0.1162422158935862,0.1121160223463303,0.0995173124451126,0.1122570049769793,0.0761933132389335,0.0888743623339366,0.0687187155718609,0.0787909279772218,0.0957298334785914,0.1200779307827165,0.1167497283698694,0.1127096028051391,0.0,2.9872634,16,16.0,1,0,1.4,1.2,neutral,1,0.296,Fashion,1
normal,0,0,0,0,86.1328125,0.032749205827713,0.0081993779167532,2496.856015894842,1016.3379762068632,3125.832538998387,763.7101931325315,0.994,0.0408836187408073,0.0966286399026149,0.0619342007523495,0.1062645109596393,0.043422380231292,0.0892860577723555,0.1101568999141579,0.0586630036071289,0.0691630607251708,0.0440346480198062,0.0680206579513515,0.1179207654557736,0.2,6.885831,15,15.0,1,0,2.2,1.2,fear,0,0.0,Fashion,0
normal,0,0,0,1,87.5926906779661,0.0224336870014667,0.0225102994590997,3184.436684183531,1451.1713040647437,3595.7056028443085,750.1648955130621,0.9669247009148488,0.0904209469342583,0.0846223198246499,0.0875486909517727,0.0930207370464694,0.0855576421820071,0.0932158085763562,0.0922058020649394,0.09640379523039,0.0877981393805339,0.0886867725014276,0.0814608753675707,0.08461254225107,0.0222222222222222,6.19085,45,45.0,1,0,1.8,1.2,fear,1,-0.6408,Gaming,0
normal,0,0,0,1,139.6748310810811,0.058852195739746,0.0637159720063209,3312.1653723205177,1925.4182733511257,3204.7509411731025,868.8895155793339,0.9693548387096774,0.0948323218791304,0.0943368844336622,0.0983472384533085,0.1045956651433888,0.1020411805207605,0.1062740709285081,0.0979093852915616,0.1135077915704618,0.0978113543880316,0.1083794914607638,0.1134325205975424,0.1049440247468634,0.15,2.2640996,20,20.0,1,0,1.0,1.2,happy,0,0.0,Prank,0
normal,0,0,0,0,86.1328125,0.0070774564519524,0.0104701220989227,3261.6363784144683,1920.98590204863,3572.271587610652,1380.5938310427775,0.8836772983114447,0.0835265763184076,0.0782891972646942,0.0741664036152819,0.0733049624494879,0.0595269202411873,0.0788975176812639,0.0825289468577878,0.0950439458147736,0.0746078907313802,0.0813932740841645,0.0947342322515911,0.1058954712927947,0.0,4.328274,17,17.0,1,0,2.0,1.0,neutral,0,0.0,Tier,0
normal,0,1,0,0,103.359375,0.0151537870988249,0.0155561147257685,3407.3687049811306,1783.326735314767,3421.286822722172,1097.145573176282,0.9557291666666666,0.0828217978597639,0.0891271193346554,0.0894665428369833,0.0906568115968436,0.0723296288062027,0.067674500338306,0.0740186104690454,0.0934624284135197,0.0870135630871526,0.0913938386196222,0.0745181256267733,0.0740670970140038,0.0,3.14455,48,48.0,1,0,2.0,1.0,neutral,1,0.0,Unboxing,0
top,1,1,0,1,95.703125,0.13414366543293,0.1026618778705596,2745.7445572519573,1702.6394386682591,3164.2809982188646,869.105103832224,0.9772036474164134,0.1227475802367204,0.1043296664377014,0.0929777836181488,0.1054171938325426,0.1254020456876082,0.102819815625871,0.0812949726514879,0.0795167171846758,0.0907347785208409,0.1028698906335444,0.1222585055086598,0.1186360481822008,0.15,3.556495,20,20.0,1,0,4.6,1.0,neutral,1,0.0,Fashion,1
top,1,1,0,1,126.04801829268293,0.2175258994102478,0.1731459647417068,1722.6617316673146,1426.9063869314643,2499.0457054667145,1350.6114946258822,0.8807947019867549,0.1360473245269007,0.1274596676441032,0.1300977564046339,0.1127526985704245,0.0995184460840054,0.1122787618024121,0.084037184526176,0.1134747241572281,0.0824984589012047,0.1123332627015921,0.0917889432129201,0.1120740237282865,0.3088235294117647,4.5627675,68,68.0,0,0,0.6,1.0,sad,1,0.0,Fashion,1
top,1,0,0,0,139.6748310810811,0.0154494913294911,0.0217852927744388,3079.431764078411,1609.2086014045872,2825.4758704134897,1350.623961497164,0.9422249539028889,0.1062875105182035,0.0939678511198498,0.0930688171256421,0.1148730647065312,0.0981362502817211,0.1026403613903125,0.0993807414029516,0.0988737478384454,0.1122132172363431,0.1061111078206395,0.0888386911774734,0.0977268727867999,0.0,4.264327,51,51.0,1,0,4.2,1.2,neutral,1,0.0,Prank,1
normal,0,1,0,1,77.1338619402985,0.1116148233413696,0.1569624990224838,2579.916907153889,1696.808422690484,2633.615800500772,1234.4805097610804,0.9240393208221628,0.1315728363672152,0.1403284387246098,0.0828868012240328,0.0822416809362098,0.0685087354127402,0.143842231503227,0.0603886902387831,0.0839318408665465,0.1241574294098044,0.0784659011996438,0.1080024860746771,0.1202479483284804,0.4411764705882353,6.3886886,34,34.0,1,0,2.8,1.4,neutral,1,0.0,Fashion,0
normal,0,0,0,1,156.60511363636363,0.0684492066502571,0.0224512945860624,2264.6149730887732,798.2916564171944,3130.8299696089643,582.5868697209625,0.9975186104218362,0.0736157825452106,0.0957788287592087,0.0644836053499226,0.0894880269944084,0.0587417839997942,0.0882403283164643,0.0530132486301078,0.0436617916411064,0.096331388383444,0.0513078295032999,0.0684967006811913,0.0622131388313728,0.0,15.708682,13,13.0,1,0,2.0,1.0,angry,1,0.0,Fashion,0
top,1,0,0,1,105.46875,0.004370748065412,0.0164485927671194,3339.935198895811,1064.6923262059242,3535.702150838065,1073.5626713551385,0.4842300556586271,0.08410811155632,0.0858785626406282,0.0862482460152285,0.0831917068256105,0.08336950438322,0.0822288278051913,0.0975185548017015,0.1000094118202942,0.1071531332998659,0.0798927335956371,0.0780738151213073,0.0802796676085472,0.0,5.349029,17,17.0,1,0,6.4,1.0,neutral,1,0.0,Prank,1
top,1,0,0,0,126.04801829268293,0.0840758234262466,0.0407275818288326,1863.9357457354731,713.5460934029988,2288.429148224446,840.7127155249331,0.9443141852286048,0.0938408603817273,0.0446327600810185,0.0984950888133597,0.047701037015282,0.1190775942569809,0.0472680717280862,0.0316383383725907,0.1717098644737838,0.0525461910510111,0.1400753842684138,0.0572225381174792,0.0949888494488465,0.0,5.315803,52,52.0,1,0,2.8,2.8,neutral,1,0.0,Unboxing,1
top,1,0,0,0,198.76802884615384,0.0860206484794616,0.0796860828995704,2145.3973329773803,2224.4587435266003,2529.215817274427,1314.4922404216536,0.6958762886597938,0.0924822410659709,0.1063801477768003,0.1189283407165879,0.1086518337875236,0.1197677963807552,0.119483684171436,0.1204960086386229,0.1367468926407755,0.1007049677821506,0.0924807177498563,0.0838262589542438,0.0862305627815743,0.0,5.7888937,6,6.0,1,1,2.0,1.4,happy,1,0.0,Beauty,1
top,1,0,0,0,114.84375,0.0353824831545352,0.0102607617154717,1851.6219524122555,972.315486354794,2118.977798198665,927.7156011285948,0.5508982035928144,0.0924852339123374,0.0563983113919676,0.0782069457940149,0.036202423250948,0.1524621710622248,0.0383509520218463,0.0125687124454033,0.0706067026259729,0.1184961022263829,0.047665000187491,0.0206340007084994,0.0474981102942637,0.0,4.490425,16,16.0,1,0,5.0,2.0,neutral,1,0.296,Unboxing,1
top,1,0,0,1,132.51201923076923,0.2711573243141174,0.1761942058801651,2652.0834947171375,1866.706050481828,2932.638874150672,676.4682159612432,0.981294964028777,0.1166238527997016,0.1089166270646066,0.0986618349306615,0.0961220580054612,0.0961303894906078,0.0997053423275124,0.0868721214724847,0.0986759205884402,0.1040495650453563,0.1136246711712174,0.1048940219599971,0.1037932271648965,0.3015873015873015,6.8278832,63,63.0,1,0,1.4,1.2,neutral,1,0.0,Fashion,1
top,1,0,0,1,129.19921875,0.1049944758415222,0.048585295677185,1637.8560688693212,894.1740448078892,2510.786386612134,982.5632870005918,0.9960369881109644,0.0299047616786528,0.0357888363110736,0.0414751109964669,0.0300646269917506,0.0580984231320391,0.0732966707500746,0.0637177415466339,0.0710882740911378,0.0632877743727027,0.0644865435615614,0.0446769074214542,0.0297166056823527,0.4583333333333333,5.5992584,24,24.0,1,0,1.6,1.0,neutral,1,0.0,Gaming,1
top,1,0,0,1,97.50884433962264,0.0627252757549285,0.0623243786394596,3284.7137947231777,1281.6477448456476,3414.0949051378097,1186.4440616837276,0.7295597484276729,0.0910100932680413,0.0959917233683352,0.0809638366147227,0.1020680013661181,0.0953907443280564,0.081752679911989,0.0843448009014228,0.0890246199373335,0.1106968043073311,0.0996988077543087,0.0964826992960046,0.1043279292618711,0.0,6.068929,34,34.0,1,1,3.0,1.0,neutral,1,0.0,Prank,1
top,1,0,0,1,156.60511363636363,0.0476052053272724,0.0808680430054664,2217.686287734667,941.7581739880007,3221.3980215429847,704.6428247592874,0.4629080118694362,0.0801295325214514,0.0540541310351477,0.0630408658728644,0.06866864284856,0.0800464530668044,0.0764696106066998,0.0628699350492661,0.057736909320787,0.0646529507157628,0.0458516881408918,0.0379757212019429,0.0678716243024809,0.0,3.3785415,21,21.0,1,0,2.4,1.2,neutral,1,0.4404,Fitness,1
normal,0,0,1,1,135.99917763157896,0.0660958737134933,0.0696924552321434,2868.5791678286423,1546.441380812433,3280.4081021778343,853.7606422772142,0.9197396963123644,0.096568510402142,0.0875946918173715,0.089201225974072,0.0944371239983413,0.0955337489337812,0.0954411718999739,0.0971616283155393,0.0996659869163279,0.0908750082767081,0.0933976181128196,0.093944747351491,0.0929340514955888,0.1206896551724138,3.288603,58,58.0,1,0,2.8,1.4,neutral,1,0.0343,Gaming,0
normal,0,0,0,1,143.5546875,0.0098034897819161,0.0099194077774882,2419.714557373974,1277.7216369200953,2516.8995783825194,1067.2777590005187,0.98343949044586,0.1039055231288117,0.1014798049620819,0.1040071691995061,0.0926712702691515,0.0883238368132831,0.0885952940688708,0.1000528331028927,0.1004488763628605,0.1204812244266995,0.1051730920191843,0.1084094249950173,0.1021803257632402,0.0,2.2771485,49,49.0,1,0,4.2,2.0,neutral,1,0.0,Comedy,0
top,1,0,0,1,156.60511363636363,0.0940614938735961,0.045573279261589,1772.0050514958295,613.3030056081226,2393.116947163976,655.6980934304947,0.998589562764457,0.0986021825732441,0.0944405234283969,0.0878274870322646,0.0868393205485612,0.1062479835508348,0.0814630420027874,0.0909665953419794,0.0995427679152091,0.0898959699209556,0.0951742842253523,0.0873511058113556,0.0888856184897149,0.0,6.267982,22,22.0,1,0,4.4,1.4,neutral,1,0.0,Prank,1
normal,0,0,0,0,123.046875,0.1178559735417366,0.033213771879673,2937.387139339057,920.2320299195136,3776.487277212266,499.2248745252508,1.0,0.0536770196429091,0.0513961080544834,0.0886618546196486,0.0363185343117764,0.0931578833757391,0.0513070102182021,0.0741352375146492,0.0455469374223628,0.0510051259574459,0.1096562586129373,0.0738668206810939,0.0712263151671659,0.0,7.1181498,33,33.0,1,0,12.0,1.0,sad,1,0.0,Beauty,0
top,1,0,0,0,147.65625,0.0467987768352031,0.0507730133831501,2480.645371481074,1105.438808424288,2484.6290739710366,934.7083859022364,0.9003083247687564,0.100087971838015,0.103321214305233,0.1113115858645492,0.1007584817857263,0.1017539163432065,0.0861828289009508,0.0806926351762456,0.1105153942918374,0.1291678009878656,0.1020376250749425,0.1131296339606888,0.1143495979612535,0.0,2.778284,30,30.0,1,0,6.6,1.8,happy,1,0.0,Musik,1
top,1,0,1,0,68.90625,0.1263003796339035,0.0546709224581718,2694.4536673486105,936.9236335503864,3548.089152539655,807.2923386252514,1.0,0.0814072283926509,0.0876705983303159,0.0693588425394383,0.101586752196303,0.0700485761927464,0.1093406607016786,0.0644237403154594,0.0479888512377973,0.0958648398034085,0.0565935370252101,0.1055846439640203,0.0751145613832862,0.0625,8.866551,16,16.0,1,0,9.6,4.4,neutral,1,0.0,Fashion,1
normal,0,1,0,0,109.9567819148936,0.1439291536808014,0.0381832867860794,2740.1216241083007,890.4738677616232,3796.1353086442655,664.7543756171389,1.0,0.122305426170428,0.0963297429940065,0.1093906980169748,0.0852994157843672,0.0907833801838077,0.0690610973920432,0.0876619363433606,0.1078157881352215,0.0501912313428921,0.1002491960968573,0.0564437361024368,0.1049725119638149,0.0,11.805336,15,15.0,1,0,4.4,1.4,fear,1,0.0,Prank,0
top,1,0,0,0,97.50884433962264,0.047693133354187,0.0186815820634365,1718.893519879782,650.0677703724174,2621.800407075748,674.3520534291484,0.9837067209775968,0.0962903803315708,0.0874219549040779,0.0880368999976382,0.0795362456408791,0.0995931220453399,0.085366254401602,0.0743374707992582,0.0872466558723832,0.0886292050321175,0.0972443798977851,0.0755799656420447,0.0735236503889892,0.2,6.564511,45,45.0,1,0,4.4,1.0,fear,1,0.0,Gaming,1
top,1,1,0,0,143.5546875,0.0756442174315452,0.0701388567686081,3896.376456057818,1849.97430738362,3781.770669069276,684.1015189032886,0.94,0.0920239052965356,0.0671002352568746,0.0716069259299635,0.0750478016565458,0.1085224374210029,0.1026864417998239,0.0910393523829859,0.1013414314175588,0.0938870334656577,0.083826559982321,0.0890265964835488,0.0901102633641477,0.0,5.763993,15,15.0,1,0,2.4,1.4,happy,1,0.0,Fashion,1
top,1,0,0,0,120.18531976744184,0.0697339177131652,0.058151502162218,3210.1408316922057,1077.1591733807145,3579.8595662100643,734.2030054811767,0.9435695538057742,0.1029580162455769,0.0714028590493815,0.0691848898068657,0.0752708837092132,0.0994589410801075,0.0931041160572149,0.0713397514906572,0.078356751970029,0.0847793338901495,0.0920804920298803,0.0690552378641385,0.0887845516975099,0.3043478260869565,7.107788,23,23.0,1,0,1.8,1.2,fear,1,0.0,Fitness,1
normal,0,0,0,0,139.6748310810811,0.0149033833295106,0.019587917253375,2816.7684094213896,1743.7594600130617,3153.345758352995,840.9773660854332,0.9084027252081756,0.1056301818785723,0.1053797761180063,0.1062981659665335,0.0912578575662874,0.0898765677392793,0.0742796676630253,0.0781567662258431,0.0894552148987536,0.0945808253861722,0.0884916529308969,0.1054862798211524,0.122652381770961,0.024390243902439,1.1418709,41,41.0,1,0,1.4,1.2,fear,1,0.0,Comedy,0
normal,0,0,0,0,147.65625,0.0401509664952755,0.0353675745427608,2754.190149283398,1812.6613665712907,2698.3494999736295,929.8447739185503,0.953521630318198,0.1086692233541404,0.105245573111892,0.1028101656507977,0.0980186687849422,0.0908148626941643,0.0975987717990681,0.1014867986475658,0.0995124019323939,0.0979786380126093,0.1091202899990689,0.1051602360922916,0.1121388840501665,0.0,7.8915324,84,84.0,1,0,1.0,1.0,happy,1,-0.9432,Prank,0
normal,0,0,0,0,132.51201923076923,0.0740676596760749,0.0615587383508682,2981.368757069369,1211.8477691418357,3463.9908438352822,754.0527427135992,0.8674435542607429,0.0987639574516972,0.095621352578662,0.0934685415022897,0.0953295843553304,0.0973157887694734,0.1066308508000904,0.0962943084028376,0.0951421175818192,0.0912033596522628,0.0964796015501111,0.091439217057077,0.0924134619611574,0.1860465116279069,3.4469867,43,43.0,1,0,3.2,1.4,sad,1,0.0,Gaming,0
top,1,0,0,0,120.18531976744184,0.1186307370662689,0.0839626267552375,2960.958796157442,1403.9882526512408,3487.489413179775,1038.384948585215,0.983580922595778,0.0939426232957805,0.0969292958278228,0.0959259085530306,0.1015733039939534,0.0804760029395094,0.0879242807589414,0.0722967651841633,0.0736921665021468,0.0760321836252204,0.077974805003511,0.0766327250201641,0.0724796925728396,0.2,5.513701,40,40.0,1,0,4.0,1.2,neutral,1,0.0,Gaming,1
normal,0,0,0,0,114.84375,0.0256450120359659,0.0250786803662776,3002.852518685575,1655.9645082057962,2869.437711229166,739.2151893747022,0.8537853107344633,0.0978650917923743,0.0895320317721687,0.0802281039810147,0.081859791732094,0.0790416481422923,0.087596491365417,0.1152378621181457,0.1090685483174783,0.1040492579955523,0.0909869051314598,0.0895051988203931,0.0873408239219117,0.1578947368421052,2.4478047,133,133.0,1,0,3.0,1.2,fear,0,0.0,Unboxing,0
top,1,0,0,1,156.60511363636363,0.0297225229442119,0.0441457033157348,2756.8562958723824,1106.134980119317,3502.1381864671903,777.1039457682882,0.5433114035087719,0.0610348535752449,0.0503130785888117,0.0506465164435913,0.0449236204749307,0.0465544979437884,0.0540532374005852,0.0431358890946151,0.0503758257568351,0.041688767954852,0.0456724009427786,0.0431001827993415,0.0503956415721645,0.0,4.1995244,56,56.0,1,0,3.8,1.2,fear,1,0.0,Prank,1
top,1,0,0,0,68.90625,0.0656468644738197,0.0333823561668396,2953.3367848348757,1592.0513476258752,3627.4564871814546,1206.6336927710388,0.9705882352941176,0.0780070221081933,0.0813080667362913,0.0660170587356746,0.096553386300726,0.0609058108642853,0.0923583150856139,0.0575305242113578,0.054991877362505,0.074870329552542,0.0589382790207379,0.0902853696155176,0.0645607163270414,0.1111111111111111,6.352855,18,18.0,1,0,2.0,1.0,sad,0,0.0,Tanz,1
top,1,0,0,1,161.4990234375,0.0225195623934268,0.0307521484792232,1871.6207366503995,1331.058577545242,2662.3004603040504,1012.156060697045,0.5727181544633901,0.0553082657983388,0.0559174298776479,0.0587250485251592,0.0639456254179156,0.0735394309883439,0.0697205646185418,0.0572563976609738,0.0545234530174678,0.0575350358316004,0.0562920174332698,0.0601877978250965,0.065906915264327,0.1,8.620642,30,30.0,1,1,2.0,1.0,happy,0,0.0,Prank,1
normal,0,0,0,0,92.28515625,0.0392691232264041,0.0111244935542345,3772.494350885734,1177.7407192862272,4026.558133798233,557.3724847410208,0.9736263736263736,0.1225047164272647,0.0557894628911086,0.1041955091348515,0.0780750667750469,0.0536679487028487,0.0792743122779878,0.0485714728023271,0.1006973374726846,0.0456861385209606,0.0749031228221702,0.1184847604649869,0.0736121331921309,0.0,12.016105,14,14.0,1,0,1.8,1.4,happy,1,0.0,Beauty,0
normal,0,1,0,0,112.34714673913044,0.059673398733139,0.0514252856373786,1836.9922585789172,1053.6480807163114,2596.713181644014,778.9037409350923,0.96280276816609,0.0853627140626551,0.1019954600267828,0.092699582849561,0.0990075394569062,0.0975052031917518,0.1147804486372735,0.0905054511648412,0.1142326199428787,0.1303103289524882,0.1262988082642323,0.1248608659480306,0.0925506823754705,0.0857142857142857,4.8324127,35,35.0,1,0,2.6,1.0,neutral,1,0.0,Comedy,0
top,1,0,0,1,147.65625,0.0209201965481042,0.0397118963301181,1450.9986129243991,626.0753612202847,2289.656632465756,697.802562658487,0.3148854961832061,0.0585098033190688,0.0503404965363181,0.0602281748991054,0.072384214148528,0.0839681046961378,0.0818586443790469,0.066548607834505,0.0637266413989254,0.0719026296732222,0.0589488396523493,0.0488729494814811,0.0571210415064975,0.0625,2.5482025,16,16.0,1,0,3.0,1.4,neutral,1,0.0,Prank,1
normal,0,0,0,0,101.33272058823528,0.1330959200859069,0.0757216811180114,2161.7013132240495,715.6852681770027,2915.745660942162,715.6902802282406,1.0,0.0898905251758418,0.090205841055393,0.0947281371665938,0.0843952299292888,0.0999355016918015,0.1120338567629114,0.0960745064818501,0.0753946921660968,0.085647325805658,0.0977229388991896,0.073317859883448,0.0709910045361314,0.2121212121212121,5.6383076,33,33.0,1,0,2.0,1.2,angry,1,0.0,Comedy,0
normal,0,1,0,0,129.19921875,0.0415898263454437,0.0157258380204439,2682.3476811964447,1643.773977274765,2980.562620474467,1138.1780240734638,0.878698224852071,0.0923873817495119,0.0786965093503268,0.0830807877590782,0.0855888442242517,0.0839924781746063,0.1028045812074235,0.0835062376923959,0.0803042189187063,0.0805217655837747,0.0747753520473468,0.074321476367395,0.0682938978703587,0.0,6.0558014,11,11.0,1,0,2.8,2.0,happy,1,0.992,Comedy,0
normal,0,0,0,0,126.04801829268293,0.0200519543141126,0.0182066857814788,1926.927518541386,764.9760911593338,2256.134946902056,644.0008663478121,0.565800162469537,0.0718182362953238,0.0429859507191248,0.0732226543304933,0.1202874372417607,0.0543973505373777,0.1050108956017104,0.0664586201647739,0.1166931487434247,0.078100804933478,0.0627486229785652,0.1172780736242766,0.0613131035869729,0.1216216216216216,0.6378197,74,74.0,0,0,1.8,1.0,happy,1,0.0,Prank,0
top,1,0,0,1,92.28515625,0.0554894022643566,0.0652449876070022,3568.4562031554515,1595.0385688078131,3298.8159519657634,925.977832801685,0.7869249394673123,0.077185877431795,0.0703133833144208,0.0717626226933111,0.0737099754259572,0.0796132968715161,0.0824514366125205,0.0742166381099928,0.0745169310404388,0.1139606399647552,0.0661666410548872,0.07669685667588,0.0711867488345704,0.0,6.1491895,38,38.0,1,0,2.4,6.0,sad,1,0.0,Unboxing,1
normal,0,0,0,0,120.18531976744184,0.0492193587124347,0.0236168056726455,3842.458525331126,1429.1588292564627,3463.4059922626657,742.6161962413239,0.9874213836477987,0.0754556148709886,0.0953469418460777,0.0647863369252432,0.0745544988661293,0.0669936712144782,0.0846819503226764,0.0877598238147232,0.0619448545017938,0.0814518268101567,0.0509349813595768,0.1392057916008828,0.0725552280355149,0.1,7.18453,10,10.0,1,0,1.4,1.0,surprise,1,-0.4404,Beauty,0
top,1,0,0,0,78.30255681818181,0.0127065861597657,0.0099273566156625,2108.6405236349783,1161.5912582914732,2382.791152982093,569.5160179718281,0.804004214963119,0.1049935643372329,0.1072406133396439,0.105347320933242,0.1186209115146968,0.1003861952477285,0.0762512705411425,0.0645455979294961,0.0783630204590565,0.0838775947210299,0.1023815661442795,0.0853924534128921,0.0855511681916922,0.0,1.0135695,29,29.0,1,0,1.0,1.2,happy,0,0.0,Beauty,1
normal,0,0,0,0,126.04801829268293,0.1129875928163528,0.0251848213374614,1802.9659861164653,703.6038783420097,2598.4463281595567,578.6503272739977,0.9945593035908596,0.0792197599495199,0.0484965569168435,0.1073155182931139,0.0513652117399986,0.0633612485046946,0.0937269683906776,0.0456864301823763,0.1065463813855357,0.0513004249873621,0.1123342463871871,0.0819697099442802,0.0433901996124987,0.0714285714285714,3.7901723,28,28.0,1,0,2.0,1.6,happy,1,0.0,Prank,0
top,1,0,0,0,99.38401442307692,0.0352863296866416,0.0213041100651025,1042.396714194972,398.92248366221565,1702.1933665902577,652.7622804087413,0.8477611940298507,0.0872193728018343,0.0703745689079414,0.1145983423423815,0.0882827472161624,0.0825789039432918,0.0526381486512571,0.0643824029375148,0.0323772417943657,0.0298367084422514,0.0886481700863471,0.038074888923758,0.074161915552694,0.0,7.21566,11,11.0,1,0,3.8,1.0,neutral,1,0.0,Fashion,1
top,1,0,0,1,132.51201923076923,0.0103566916659474,0.0050122295506298,647.1054302808834,341.1520398300274,1427.543063452144,486.5688496743851,0.7738014854827819,0.0831528357723186,0.0462207870667776,0.0582839586758277,0.1347076656948127,0.0882932593865099,0.1421875039884264,0.0582150357117508,0.1264682444714788,0.0687265396643696,0.029363244733269,0.1390281551778575,0.0550187226284963,0.0,2.9041142,45,45.0,1,0,4.0,1.2,sad,0,0.0,Prank,1
top,1,0,0,0,143.5546875,0.067023828625679,0.0183514654636383,2400.1341009443727,556.089239459643,3675.990181012798,428.8536077101681,1.0,0.0591858177136958,0.0525417539509785,0.0623468977021001,0.0660614005064859,0.0641644532593602,0.0738873737008964,0.0651632938691631,0.0600714165968178,0.0623839457054808,0.0527032892458971,0.0696527153684793,0.0518037009498713,0.0,1.60505,78,78.0,0,0,3.6,1.2,sad,1,0.0,Gaming,1
top,1,0,0,0,114.84375,0.1424073427915573,0.0717930793762207,1682.1664388289057,1262.545529720105,2482.9920437944984,747.1326400996898,0.99163179916318,0.0766633309092039,0.0792355668239742,0.0979099330529771,0.0916407900177743,0.123106673489665,0.0894093068017519,0.1081886606126341,0.1152901134120493,0.0734415771261377,0.1067628918235658,0.0631836419241307,0.0903966622456711,0.0,1.3685455,8,8.0,1,0,1.0,1.0,sad,1,0.0,Prank,1
normal,0,0,0,0,101.33272058823528,0.0646814107894897,0.0470184944570064,1958.4323975514403,985.077257421204,2467.2895306505275,767.4051029352926,0.9496527777777778,0.0998054216547171,0.1015553227404352,0.0908607298544135,0.1018224059062656,0.1014897137287893,0.0891192596955488,0.0926151546540847,0.0825979099217405,0.0906298188442465,0.1006652394147147,0.0860686420334927,0.1125293425379021,0.1111111111111111,9.546712,18,18.0,1,0,3.0,1.2,angry,1,0.3182,Comedy,0
top,1,0,0,1,90.66611842105264,0.0192553307861089,0.0356608666479587,2320.5604500700274,826.3014608716697,3134.1329554395957,546.1852210015544,0.2851674641148325,0.0511115633280019,0.0596346740326739,0.0733996804366455,0.071175773205161,0.0507278892006783,0.0551196509173893,0.044303953643486,0.058530193584401,0.055723965548173,0.0732015004056036,0.0640990880845401,0.0519594773522914,0.0625,3.5589588,32,32.0,1,0,1.6,1.0,sad,1,0.0,Fashion,1
top,1,0,0,0,103.359375,0.0802829936146736,0.0410221666097641,2076.236795346837,924.8351346732728,2470.9902998674866,477.3468056652786,0.9676284306826178,0.0649123107643834,0.1176692174070551,0.0875919162859907,0.1011383558176062,0.0828895471630207,0.0913994607787448,0.1075682034766635,0.090835153841675,0.0930528532663679,0.0986031158426534,0.104842593474049,0.0653061564246703,0.0,8.740135,43,43.0,1,0,2.6,1.2,happy,0,0.0,Prank,1
normal,0,0,0,0,117.45383522727272,0.0873533859848976,0.0481230467557907,2885.6861622253664,853.2993402208135,3540.3077702551013,696.9321520063669,0.9917582417582418,0.1163906135202358,0.0821012592660647,0.0558507102241354,0.0665922130310806,0.0730921960916489,0.0830429411702588,0.0887064772146921,0.1041280612630926,0.115753782712426,0.0915911584115584,0.1051353019287534,0.1014481606649819,0.0,5.3631005,22,22.0,1,0,3.0,1.0,sad,1,0.5766,DIY,0
normal,0,0,0,0,114.84375,0.0647156238555908,0.0453664995729923,2379.50261458165,1497.2570578879202,3219.57570187276,897.3772957067396,0.9954337899543378,0.0999187095626164,0.0919382970057201,0.0955944593648487,0.0896110115119024,0.0879824184837314,0.0970692014925357,0.0538894581302191,0.0908806522278717,0.0533248496487705,0.0634003272002649,0.0755286795077711,0.0640110028232963,0.0,6.7046742,7,7.0,1,0,1.2,1.0,surprise,1,0.0,Beauty,0
top,1,0,1,0,97.50884433962264,0.0978841334581375,0.0472542829811573,2964.595142854635,1095.9837133492135,3570.952155999771,619.5022428035986,1.0,0.0986278927804047,0.0689487840544636,0.0694207645097194,0.0943942215529986,0.0630321612103373,0.0679751657361697,0.0576492935670974,0.1175172844089315,0.0795887713287063,0.0724792025034249,0.0783606188823868,0.058571713218934,0.0,3.7378685,16,16.0,1,0,1.2,1.2,sad,1,0.0,Fitness,1
top,1,0,0,0,132.51201923076923,0.1567638367414474,0.0544341057538986,2423.0201096703413,916.523663402498,2977.356953343231,608.9010888163775,1.0,0.1447126361544962,0.0601368278134119,0.1015133560484953,0.1216220695189961,0.0572572196496426,0.1206159958610667,0.0462179647459809,0.1065012036456336,0.0483544747011841,0.0606149300388479,0.1073383724227089,0.0562688908877628,0.0,6.2276917,16,16.0,1,0,1.0,1.0,neutral,1,0.0,Fashion,1
normal,0,0,0,0,101.33272058823528,0.1859701573848724,0.0715842247009277,2153.366491632553,576.1362941440847,2909.691642793561,446.81739938702856,1.0,0.0574216983248887,0.0535378276831761,0.0437663546330168,0.0377409853326314,0.0341031469235243,0.0385041721119949,0.039192835084878,0.038688040114557,0.0363141196471802,0.0348456541943422,0.0373324768253733,0.0477540240039526,0.0,11.613597,22,22.0,1,0,6.8,17.2,neutral,1,0.5267,Fitness,0
normal,0,0,0,0,86.1328125,0.0319711416959762,0.0279512517154216,2751.586749973746,1707.8596990364251,2580.4356416028477,835.8672118017771,0.9261057173678532,0.1153724345691146,0.0989593805303324,0.0843498255132243,0.094588014592617,0.0822427298399861,0.0892905009102222,0.096442650231707,0.0951263616851699,0.0972700275457565,0.1118720994922146,0.1039649188960995,0.1191073376537717,0.0,6.910413,56,56.0,1,0,2.6,1.2,happy,1,0.0,Fashion,0
top,1,0,0,1,161.4990234375,0.0538213588297367,0.0601854957640171,3090.394225128539,1194.012181167351,3050.5558916563127,1093.4054689544607,0.9475566150178784,0.0926431674948105,0.070227093100091,0.0995132379801878,0.0929449679426561,0.0783932332866915,0.0879257582179298,0.0756159785517961,0.092593556636327,0.0893716827554567,0.11149828153103,0.0775790714675477,0.0793083235020988,0.0384615384615384,6.160004,26,26.0,1,0,2.6,1.0,angry,1,0.3612,Prank,1
normal,0,0,0,0,151.99908088235293,0.2855502963066101,0.117859274148941,2406.306773417435,1232.28609833626,3418.549602839537,928.018701527066,1.0,0.060785580649156,0.0576648095977042,0.0485645301401285,0.0470305933020811,0.0443612012107724,0.0481235939459895,0.0492279216962157,0.0483319597230379,0.0472145127949884,0.0498937868317905,0.0474837532660455,0.0545579523629903,0.1764705882352941,9.829831,17,17.0,1,0,5.4,2.0,sad,1,0.91,Unboxing,0
normal,0,0,0,0,107.666015625,0.0658723190426826,0.058876808732748,2637.286149632219,937.8573787116898,3198.028746677545,502.84912885935233,0.8850102669404517,0.095871039091121,0.0825741433643584,0.0835881985674401,0.0861458126710524,0.0807344012744477,0.0698168200856021,0.0913323972358266,0.0929154078199254,0.0839224349551141,0.0832471842533522,0.0705159192086722,0.0940402781057833,0.2666666666666666,5.303231,15,15.0,1,0,5.8,1.4,happy,1,0.3612,Comedy,0
top,1,0,0,0,89.10290948275862,0.0268629398196935,0.0103825563564896,3348.5522864190984,1763.815692114996,3564.6732347435727,998.0525410863518,0.9804878048780488,0.0700395226877328,0.0874686305603106,0.0850655680341114,0.1107397648651449,0.0966926396621638,0.0898072736752011,0.0833157250039998,0.0718349357862226,0.1197141259466996,0.1063552062368305,0.0649992114585668,0.0789402227338174,0.0,3.1949298,7,7.0,1,0,1.0,1.0,sad,1,0.0,Fitness,1
top,1,0,0,0,129.19921875,0.0122081506997346,0.0049098194576799,2394.052184359697,1524.1263572656233,2901.619502159725,856.9542045915452,0.983739837398374,0.0802986004284687,0.063985298405971,0.0720256241432994,0.0785336326894687,0.0944710758230633,0.0924073242915046,0.0830858697310216,0.0726624945406064,0.0898171243095819,0.0862962387908982,0.09648763528917,0.0587588504965317,0.0,3.8590004,8,8.0,1,0,1.4,1.0,neutral,1,0.0,Prank,1
top,1,0,0,0,105.46875,0.0637078955769538,0.0147678153589367,3120.851390415288,1288.59187594609,3955.1334970320113,619.432478959964,0.9915966386554622,0.1113080176236777,0.0590365610626316,0.119035313219619,0.0870804390066212,0.064355663573762,0.0836428665027414,0.051084312511006,0.1219289831264656,0.0625463505342825,0.0747397419606938,0.1005862191091247,0.0655972287159158,0.0,4.7305346,15,15.0,1,0,4.2,1.8,happy,1,-0.8402,Fashion,1
top,1,0,0,0,99.38401442307692,0.0249273292720317,0.0140725085511803,2983.0437012157254,903.2338062641144,2941.5367756514097,764.7854826853434,0.9360341151385928,0.0962789801445838,0.0459070743086313,0.0719334922352272,0.0895948400153547,0.0768093440424527,0.0981791703782426,0.0584827043489047,0.125476557578241,0.0527433510327832,0.0692048720010669,0.065019226756038,0.0551151414190134,0.0666666666666666,4.3857107,15,15.0,1,0,1.4,1.0,happy,1,0.0,Fitness,1
top,1,0,0,1,114.84375,0.0128411594778299,0.0240042749792337,3136.0028280057586,1382.0616274983431,3854.256773520978,750.3132479734895,0.4677944046844502,0.07258646209403,0.0582205515496527,0.058630357269238,0.0653471920034801,0.0557577798944164,0.0703694425179475,0.0579691890045499,0.0618339642462381,0.0641500913418266,0.0718364826353597,0.0605047716073899,0.0629620783333975,0.1702127659574468,4.348378,47,47.0,1,0,0.8,1.0,sad,0,0.0,DIY,1
normal,0,0,0,1,156.60511363636363,0.1271820664405822,0.0526004023849964,3309.353902530904,1859.6433685727825,3982.773062229314,1119.4520207251844,0.9953488372093025,0.0787740088943846,0.0715425883913035,0.0622053583738595,0.0467561074165366,0.0607364293367551,0.068756607799586,0.0878582692702004,0.0951912367079815,0.0686014305289149,0.0674090389033415,0.0690780174659203,0.0710064240721173,0.0,4.17287,7,7.0,1,0,1.2,1.0,fear,1,0.0,Fitness,0
normal,0,1,0,1,161.4990234375,0.0796789154410362,0.0390246249735355,1990.6410299448796,1118.1311108120517,2117.9241478571203,690.8093196377945,0.9676025917926566,0.1039854853468185,0.081482390705011,0.0831188567611354,0.0787308153527409,0.1451542913180829,0.0824886697658698,0.0707465826453246,0.1352645767373269,0.0652314605729665,0.1564117718505907,0.0933606195442651,0.1143525491716742,0.1428571428571428,2.0108297,14,14.0,1,0,2.2,1.0,neutral,0,0.0,Fitness,0
top,1,0,0,0,126.04801829268293,0.1272890567779541,0.0265110787004232,2820.560057409817,1188.84692711847,3502.391352751349,854.9296211613112,0.9956331877729258,0.0745438798823986,0.0770130768633225,0.0852443871010119,0.0820499581145608,0.0807880605539828,0.0600822445151054,0.0724641631383365,0.0601726546093243,0.0466521253794145,0.0482172462854225,0.0605018917950902,0.0939197499580011,0.0,4.0774617,7,7.0,1,0,1.6,1.0,happy,1,0.9718,Prank,1
normal,0,1,0,0,172.265625,0.0550997294485569,0.0519211962819099,2363.086208371243,1613.6959046823868,3205.5999548838513,1238.4000121550785,0.8765368852459017,0.0950654749011887,0.0581369139420413,0.0715722834146374,0.066915658244551,0.0685531323406548,0.0909969245868089,0.0649347573850523,0.0896991851542945,0.0661949515470489,0.0677459829710464,0.0713236555595767,0.0592143449063487,0.0508474576271186,8.886277,59,59.0,0,0,0.8,1.2,angry,1,0.0,Comedy,0
normal,0,0,0,0,101.33272058823528,0.0535216070711612,0.0469173155725002,1819.1907946274016,1392.3394064900665,2675.803149954169,1020.2050154093068,0.8987929433611885,0.093086491018846,0.0861403684209727,0.0798384677954685,0.0888698850957386,0.0844604322481272,0.0925285378756172,0.0861351721604531,0.0915427861197464,0.0895256573296208,0.102584977150057,0.0866182506116011,0.0835976137558634,0.0307692307692307,7.3952827,65,65.0,1,0,1.2,1.0,happy,1,0.743,Prank,0
top,1,0,0,1,117.45383522727272,0.0351967960596084,0.031814195215702,2710.7978151650445,1494.1015161226508,2812.998992305304,978.2095771996046,0.9790732436472348,0.0859970084452825,0.1147846589016876,0.0834545295659081,0.0920000187873529,0.1173617994229898,0.1231247017112647,0.1066304686234503,0.1090367536176216,0.0941361808744552,0.0947330887180379,0.0912126261993665,0.0938267749381678,0.0,3.7826436,21,21.0,1,0,1.4,1.2,sad,0,0.0,Unboxing,1
top,1,0,0,0,139.6748310810811,0.0550768189132213,0.0516696237027645,4002.4486244982936,2246.151520607499,4686.635423542506,1177.3971869680097,0.9209932279909706,0.108659745399768,0.0925108656162666,0.0842958147276927,0.0970501501400402,0.093565435711414,0.1160465043006841,0.1073560832797453,0.0960384391521494,0.0943727639060131,0.0943623522121655,0.0989516990316603,0.1042181765266877,0.4074074074074074,10.688986,27,27.0,0,0,3.6,1.0,sad,1,0.0,Prank,1
top,1,1,0,1,109.9567819148936,0.0625822693109512,0.0484850145876407,2273.518307765488,1123.513937647959,2850.468577203386,710.2816047654992,0.9388646288209608,0.1099681694850759,0.0953903621281583,0.1035411427223242,0.0918822014445907,0.1091803526114151,0.1144782284428638,0.0946675075592916,0.1009664774018697,0.0946153711810793,0.107362866576243,0.097815233138785,0.0926663661887954,0.1451612903225806,7.3720307,62,62.0,1,0,2.4,1.2,sad,1,0.0,Gaming,1
normal,0,0,0,1,87.5926906779661,0.0575488805770874,0.0328024886548519,3447.608135289746,1267.593571035609,4055.8740456847495,674.0046024985921,0.9207836456558772,0.0708701513024057,0.0666935517592957,0.0601676213913715,0.0607375887139931,0.0595484386939842,0.0777374706984631,0.0764229943013956,0.0819666490966295,0.0691428708952142,0.0679558157465879,0.0571500839621104,0.0577990113632627,0.1081081081081081,4.9956045,37,37.0,1,0,2.6,1.0,sad,1,-0.6408,Gaming,0
top,1,0,0,0,83.35433467741936,0.0353547371923923,0.0288437064737081,2432.2615817701935,1363.7883238004963,2837.2574341120953,883.4307388775701,0.9746192893401016,0.1165686246311599,0.113889619001476,0.1051192132502136,0.099841732464398,0.1086191021787417,0.1048481698248847,0.0980124199201172,0.0994776559056674,0.1035405478466822,0.1130307544310577,0.1114206158116373,0.1109108807330286,0.0,7.34305,24,24.0,0,1,1.8,1.0,neutral,1,0.8126,Beauty,1
top,1,0,0,0,143.5546875,0.0375259891152381,0.0275224782526493,1832.7340878100629,1144.1932996111216,2416.0735642588243,774.4013236668995,0.9053521126760564,0.0884917194422084,0.0682219690129831,0.0789861067914512,0.1010425696432202,0.1013426010141029,0.088124604185117,0.1109093247715475,0.0888100636823042,0.1091926650173365,0.0760401079742325,0.0954290768089929,0.1148351293978947,0.2149532710280373,9.150545,107,107.0,1,0,1.8,1.6,happy,0,0.0,Comedy,1
top,1,1,0,0,112.34714673913044,0.0229025837033987,0.0222870111465454,2215.036513273964,1608.716647654191,2458.1646994674193,987.2544627795407,0.9634302431888828,0.1019157673409962,0.0976431486585627,0.1001112941805972,0.1089547171778415,0.1036421124394656,0.1146887179076962,0.1057900978586609,0.1090742640881519,0.1004437076815899,0.1058653670520295,0.1089028989237049,0.1098262657821985,0.0969696969696969,9.983383,165,165.0,1,0,3.2,1.0,fear,1,0.9851,Unboxing,1
normal,0,0,0,0,132.51201923076923,0.0856705829501152,0.0258176364004611,733.1098777193275,408.9125410867941,1496.3925525859197,501.2944390775823,1.0,0.0759828972197904,0.0695060529751728,0.0674747729938151,0.0651768330895719,0.0635943955762859,0.0582870109068641,0.052654281642324,0.0501469068857449,0.0601410151356117,0.0596495380220948,0.0549400811712825,0.0598331996031421,0.0684931506849315,6.071059,73,73.0,1,1,1.4,1.2,neutral,1,0.0,Gaming,0
top,1,0,0,0,139.6748310810811,0.0773297846317291,0.0810676887631416,2516.3909048362525,1227.674969158717,3278.948474577088,650.2648037025858,0.9824561403508772,0.1053696990971826,0.0801228400458688,0.0793855518147162,0.0573101711425565,0.0815498154663626,0.0837236152574237,0.0950891049234052,0.0763574884916282,0.0474278326353795,0.0430566729789795,0.0606065235832978,0.0955980024349482,0.0909090909090909,6.7596297,11,11.0,1,0,2.8,1.0,sad,1,0.0,Prank,1
top,1,1,0,0,105.46875,0.0177256111055612,0.0189625956118106,2908.1366686149586,1167.9770249472838,3255.0461524997563,913.1171269059192,0.828125,0.1045766266064431,0.1093711892069726,0.1027909352550579,0.0960079365983128,0.107412078448427,0.1123709124461269,0.112992422503526,0.101923864893052,0.0939079318314686,0.1266739629804723,0.0944380236613213,0.1074425305830879,0.0,8.306133,14,14.0,1,0,2.4,2.8,neutral,1,0.0,Fashion,1
normal,0,1,0,0,109.9567819148936,0.0344967655837535,0.0594458281993866,2529.6002335701405,1806.6507073506032,3234.9026866318654,984.6812379543704,0.8386114494518879,0.0913122964311704,0.083743404721712,0.0834596696961116,0.0867792661674106,0.0901140987408854,0.0974922146726576,0.0888258217914129,0.097596111830048,0.0897976692274644,0.0981358159853807,0.0929185675935399,0.0947001310692267,0.04,8.969778,50,50.0,1,0,2.4,1.0,happy,1,0.3182,Comedy,0
top,1,1,0,0,117.45383522727272,0.0201402250677347,0.0146161187440156,2747.7463948104655,1620.3121143812696,2893.1375389295367,837.0032374237754,0.9290012033694344,0.1099168153771782,0.0977718903185648,0.0964532602182377,0.0954195729451792,0.0897810429010182,0.1040077969125852,0.0904513767581865,0.0959705204820621,0.0947126818644804,0.1032918274805119,0.0980448938878462,0.1072958182482794,0.04,8.134531,25,25.0,1,0,2.2,1.0,angry,1,0.0,Prank,1
normal,0,0,0,0,184.5703125,0.0518179908394813,0.0149801671504974,2930.84914238068,402.3404120883966,3150.4341731484164,328.2529822841832,0.9990757855822552,0.0787563578110627,0.0836798267600902,0.0802502865998726,0.0770641987758553,0.0831144908360995,0.0643641869797566,0.0862211865775752,0.0763164953181236,0.0764716299436926,0.0878763693814547,0.07879344117849,0.0814703120976243,0.0909090909090909,5.6237736,33,33.0,1,0,7.8,3.4,sad,0,0.0,Comedy,0
top,1,0,0,0,139.6748310810811,0.0163587015122175,0.0192974675446748,2803.8087400012355,2059.0185639195956,3488.3161713221243,1710.937005940042,0.6942148760330579,0.1162409125711189,0.107988007140974,0.101411563440412,0.0862398586638406,0.101201019837204,0.1218054734973331,0.1519009706626592,0.1343309689101498,0.1179157783158051,0.1081652851545083,0.1051039046744532,0.116236868017928,0.0,6.875557,11,11.0,1,0,2.2,1.0,neutral,1,-0.9509,Comedy,1
normal,0,0,0,0,67.99958881578948,0.0254226755350828,0.0156738199293613,4474.662061070602,1908.7886743477925,4091.647865310017,722.18996561812,0.9943502824858758,0.1045710717437529,0.1036277469896229,0.0996297241780803,0.1171515667888127,0.1350531711527281,0.1238531913164033,0.1066505672990166,0.107584244736081,0.0946563930951036,0.0945291047991944,0.0888476951288111,0.0896474766822396,0.0,6.970975,11,11.0,1,0,1.0,1.0,sad,0,0.0,Comedy,0
top,1,0,0,1,117.45383522727272,0.0324398465454578,0.0235669631510972,3378.602578077494,1503.3810410813778,3822.2008138052183,879.1412895701561,0.9743954480796586,0.0798724211857714,0.0737746696167103,0.0716386058076046,0.0696205942995338,0.0746699145001559,0.0674829947141053,0.0621609261351348,0.0624855239713804,0.0709701463575921,0.0674955355671984,0.0648340661598393,0.0747317311736347,0.0,4.834162,22,22.0,1,0,1.8,1.0,sad,1,0.3612,Gaming,1
top,1,1,0,0,107.666015625,0.0431210771203041,0.0355264469981193,1960.584994681874,818.4210157954186,1919.729927966352,580.0162254712728,0.9633343779379504,0.1179059709555363,0.0942853016915073,0.0892998971709002,0.1080480141301262,0.1087457500647879,0.1233462386155526,0.1181947021160594,0.1123140391866606,0.1119325201556252,0.130590925420381,0.1132668035684964,0.1123616049480394,0.0,4.43201,96,96.0,1,0,3.2,1.6,happy,1,0.0,Comedy,1
top,1,1,0,0,105.46875,0.0206260476261377,0.0198967866599559,2155.457899910008,1404.518113913707,2559.177396066158,831.6625119915144,0.945266507557677,0.1061671793983225,0.1036733959067152,0.1073616585456508,0.1135775004407924,0.1071752563276464,0.1151398631057549,0.1105834943558405,0.1098058128707946,0.1016632598186571,0.1126119236852139,0.1100901398943515,0.1057870285720179,0.1822916666666666,10.436393,192,192.0,1,0,1.0,1.2,happy,1,0.0,Fashion,1
normal,0,0,0,0,166.70866935483872,0.0280637443065643,0.0198270417749881,3167.2737430895304,1394.873108764039,2810.29184195924,875.3956439320295,0.8238916256157636,0.0858367790288934,0.0879851002190912,0.1045000488377707,0.0873215771446195,0.0819501648275329,0.0936998003330264,0.0968129786240511,0.0960175727612902,0.0902205820974222,0.0931557852951229,0.1007142891858996,0.0949132742459916,0.0,3.3485425,49,49.0,1,0,10.4,3.4,neutral,1,0.0,Comedy,0
top,1,1,0,0,114.84375,0.0660827085375785,0.0430259928107261,2596.077882142884,1447.085626691225,3541.304476046785,866.0931356659431,0.9765807962529274,0.1303742900023415,0.1136275839263526,0.0747516594047804,0.081118379849122,0.0953249407459143,0.075218302293075,0.1176132295133336,0.0908116937306642,0.0896822152369971,0.07755767604473,0.0759080339851164,0.1179755932222263,0.1923076923076923,6.863052,26,26.0,1,0,1.8,1.0,happy,1,0.0,Beauty,1
normal,0,0,0,0,120.18531976744184,0.0531438700854778,0.0290497243404388,1925.3172167827229,1052.475041435477,2670.095078627872,878.713900538508,0.9187837567513504,0.0880630672525023,0.1103259082463326,0.0840723981183721,0.0930818558862535,0.088296107614069,0.1060510879015103,0.0878013438886105,0.0798348635986111,0.0837283335656832,0.0773292580232784,0.0783916434507576,0.0808975842728901,0.6050955414012739,2.2469099,157,157.0,1,0,5.0,1.4,neutral,1,0.0,Prank,0
normal,0,0,0,0,109.9567819148936,0.0844703018665313,0.0751637071371078,3437.8668176140313,1597.9727833924494,3745.1984574729017,1013.9338089999942,0.927703134996801,0.077452377393504,0.0863871164094954,0.0776890700879063,0.0814561785122062,0.0930717211621535,0.0958033741444053,0.080253529749149,0.0979108829376177,0.0864197176584989,0.0921238381223379,0.08973243800396,0.0737416972239414,0.2127659574468085,4.272751,47,47.0,1,0,1.6,1.0,sad,1,0.9439,Unboxing,0
top,1,1,0,1,129.19921875,0.0383736975491046,0.015368484891951,2587.993979501396,1248.0899866968643,2859.173662975621,832.7800081853054,0.9655172413793104,0.0629688079589344,0.0687330511427361,0.1064312300868568,0.099329871321068,0.081487167756508,0.0742655358463259,0.0617260917284918,0.0937407463115126,0.0881962239716885,0.0578123363077397,0.0858093339191783,0.0781416926481978,0.0,3.9674857,19,19.0,1,0,2.0,2.8,angry,1,0.0,Prank,1
top,1,1,0,0,63.02400914634146,0.0075096418149769,0.0132001601159572,2669.4887862427277,1234.2743679563107,2884.3140311192737,848.1293113250505,0.5825049701789264,0.100276878327949,0.0932052904080569,0.0917794836963938,0.081174040854543,0.0856844340479977,0.0829077061031905,0.0760156248639244,0.0689859403784586,0.062209897856992,0.0788690926459448,0.0909957027488959,0.0930595500305305,0.0,8.049347,16,16.0,1,0,6.6,2.0,neutral,1,0.0,Prank,1
normal,0,0,0,0,129.19921875,0.1308605670928955,0.0589621476829052,2584.448378541009,1181.0101959268818,3427.1342552311603,863.5997347119143,0.9899216125419932,0.1064000526852068,0.1142778408271759,0.0856407039966816,0.0999472961743426,0.0784876686381974,0.0814064454309655,0.0983646890288216,0.0553991996597168,0.1009151330753917,0.0615457211668837,0.0894707881291795,0.089502809972762,0.0,8.213221,27,27.0,1,0,9.0,15.4,happy,1,0.0,Fashion,0
top,1,0,1,0,172.265625,0.0454070158302784,0.0251693595200777,2078.4028401357873,1034.7128771923108,2569.235086191816,688.3285615557694,0.9045226130653268,0.0951491416505742,0.0700306962919452,0.0788835575774991,0.0718564024758255,0.095387686538406,0.1306583212469763,0.0948412684714748,0.1007986390767443,0.0859153887036188,0.063839841018001,0.0559127491570273,0.0564487249710516,0.1666666666666666,5.895808,6,6.0,1,0,2.0,1.8,happy,1,0.0,Unboxing,1
top,1,1,0,0,132.51201923076923,0.0951959416270256,0.094303585588932,3018.7802125368025,1328.694686368567,3346.2223025210205,870.6156483597046,0.9047256097560976,0.0917933469440749,0.0844616213104962,0.0939930924900835,0.0952677762619726,0.0839362875667483,0.0863140892343345,0.0830237913659048,0.0844015830967856,0.0708528796814354,0.0813575372394127,0.0810763644266355,0.0814182671581156,0.048780487804878,7.344345,41,41.0,1,0,2.4,1.2,fear,1,0.8126,Unboxing,1
normal,0,1,0,1,84.72079918032787,0.0930897966027259,0.0581580810248851,2274.63391282104,1599.1582916029995,2917.1182304052427,1018.9175825995312,1.0,0.0921796228701729,0.0803275682251048,0.0860605262804369,0.0984783497162325,0.1072275728927927,0.1192633563653863,0.120011403895054,0.1072532284354886,0.0898637317488937,0.1038114273795511,0.0950956831195489,0.0909898230829078,0.175438596491228,5.8595834,57,57.0,1,0,2.6,1.2,happy,1,0.5979,Prank,0
top,1,0,0,0,103.359375,0.1502161473035812,0.0620221644639968,3362.809748908712,1134.8517089835432,4012.607756290952,673.3409428056545,1.0,0.0808298968705504,0.0688047142644327,0.1052528662244667,0.0591979714733758,0.1024249180376445,0.0831230413841548,0.0781318300862054,0.09742476147828,0.0615982405999546,0.0711923644324822,0.0551613593303486,0.0719516069977971,0.0625,4.580878,16,16.0,1,0,5.0,1.6,angry,1,0.0,Fashion,1
top,1,0,0,0,112.34714673913044,0.0622610077261924,0.0388184301555156,2783.2995464313303,1146.0666095706097,3321.679321993128,654.150573464634,0.952808988764045,0.0719969721761678,0.0763082326297997,0.1003991104490013,0.0891321968336318,0.0749010591466218,0.0844972735848385,0.0609959494960037,0.1013592895021862,0.0791360702538863,0.0956900712655876,0.143172565090057,0.0484859456128764,0.2142857142857142,4.194823,14,14.0,1,0,1.6,1.0,sad,0,0.0,Prank,1
top,1,0,1,0,147.65625,0.1152035295963287,0.0970977768301963,2751.148302754402,1231.7233098250854,3471.411125585067,733.1213986044903,0.976,0.105676208052774,0.0975018322458923,0.1098008901385438,0.0838152273778373,0.1114622050991259,0.0999990529440575,0.0820064530652759,0.0831054067582428,0.0944550466355876,0.0977522503123013,0.0942299475760596,0.0965195215859303,0.2,6.7834473,15,15.0,1,0,3.0,1.2,sad,0,0.0,Fitness,1
top,1,0,0,0,129.19921875,0.0459837540984153,0.0304123908281326,2449.345657822223,1537.3757578481586,2831.6364149883525,998.3744658531564,0.9708029197080292,0.0843989177194366,0.0973629832186437,0.1049780388788267,0.0916061340573559,0.1091701515101145,0.1027942988488781,0.081822822952976,0.0748910135043886,0.0683578805710956,0.0720458753536627,0.0946609993731204,0.0974290228215824,0.0,4.938123,9,9.0,1,0,1.0,1.0,neutral,1,0.0,Prank,1
top,1,1,0,1,114.84375,0.0400547012686729,0.0464710965752601,1853.9658373415016,1252.0664310412858,2585.690453548779,840.6425160203764,0.9349336702463676,0.1181702000562536,0.1101045001961678,0.1014812489869931,0.0923704096022823,0.1208050575864927,0.0868180823609845,0.078333778219057,0.0832479178007092,0.1052080686824698,0.1122541645973571,0.0829932370196832,0.1111483326077239,0.4583333333333333,6.541234,48,48.0,1,0,2.6,1.2,sad,1,0.0,Musik,1
normal,0,0,0,0,103.359375,0.0432023517787456,0.0231736190617084,1719.0734770725471,1064.5574554490584,2659.9934707623433,811.1315418465452,0.9925742574257426,0.0790167936512892,0.0869038034376017,0.0860378017524952,0.0769510189984253,0.0880158561771782,0.0812746941406753,0.0666357062915446,0.0671110644081249,0.0699084851669517,0.0807026955725215,0.0637157355545032,0.0845269537130713,0.6923076923076923,5.502806,13,13.0,0,0,1.2,1.2,sad,0,0.0,Comedy,0
top,1,0,0,0,129.19921875,0.024152722209692,0.0096569834277033,2363.105605021706,1541.6029147822508,2808.592248506081,860.3217302190362,0.943089430894309,0.080957053202911,0.0655206246567514,0.0731232231523985,0.0792295033650403,0.0951941978787921,0.0928882760647324,0.0839761710105695,0.073885033494545,0.0891094539950318,0.0849798506546253,0.0975743521778957,0.0600911722681047,0.0,4.875516,8,8.0,1,0,1.4,1.0,neutral,0,0.0,Gaming,1
normal,0,1,0,1,178.20581896551724,0.0864320769906044,0.0594837963581085,1970.451937800148,2071.5180320736827,2391.9528681415077,1336.9708737465671,0.9583952451708768,0.0848136418334922,0.0838500255043746,0.09176399358743,0.0980927838860464,0.1365682430077652,0.1470581202045209,0.1088840677312381,0.0894760060259663,0.0957793753160996,0.1011526994572288,0.0930509211848212,0.0854204963253691,0.238095238095238,9.921446,21,21.0,1,0,5.8,2.6,sad,1,0.3869,Unboxing,0
top,1,0,0,0,92.28515625,0.1052011251449585,0.0364562720060348,2683.384733325522,796.4465281522066,3669.401583479526,514.688503986231,1.0,0.0962052143590661,0.0618022203141953,0.1042496890244752,0.0878411396984288,0.0554831103027638,0.0869082308141743,0.0566575828234459,0.0936289335690903,0.0824507471250234,0.0694037820029445,0.0869067244005809,0.0506121117373587,0.0,4.423722,14,14.0,1,0,2.2,2.2,neutral,1,0.0,Comedy,1
top,1,0,0,0,109.9567819148936,0.0126171801239252,0.0040674358606338,2792.04309330074,1002.352100070608,3361.973273524623,533.2461424157016,0.9796747967479674,0.0648167262411327,0.0485052351982994,0.0462842150329738,0.0887951518167519,0.1064654505546241,0.0587939837622818,0.103746735112501,0.0655507904602885,0.1009453053159585,0.0894498893762921,0.0659450039207592,0.1215927918458928,0.0,4.494055,8,8.0,1,0,1.6,1.8,fear,1,0.0,Fashion,1
top,1,0,0,0,151.99908088235293,0.0900687053799629,0.0364853031933307,1692.7167486700364,919.8228354660636,2567.5561185782226,715.0788757817431,0.9850746268656716,0.0564999659437066,0.0751963803035156,0.045920496830673,0.0631821941072823,0.0563602346388002,0.075730723356215,0.0659454774073616,0.0424309112860571,0.0522607416705206,0.04595962925613,0.0462432684198957,0.0465612902905355,0.0,7.64215,11,11.0,1,0,1.4,1.0,neutral,0,0.0,Beauty,1
normal,0,0,0,0,107.666015625,0.051937710493803,0.028628259897232,1681.519735477406,956.6906274005556,2623.367225413672,754.0881079611331,0.9492537313432836,0.074292573821226,0.0738094644901205,0.0619107576189767,0.0763437487533,0.0712915591862481,0.0837432415845443,0.0691008770081033,0.0643037000887026,0.0639364970566319,0.0653525803414048,0.0630225500882172,0.073297636590697,0.625,1.9630107,32,32.0,1,0,1.6,1.6,neutral,1,0.9927,Tier,0
top,1,1,0,1,93.9630681818182,0.0782160088419914,0.0660168677568435,3383.52217729213,1773.525516662084,3676.374099135173,1111.7845717192383,0.9845744680851064,0.1131397830697681,0.1010419241385411,0.0823632121678722,0.0798344138454772,0.1150635151486108,0.1000685983693435,0.1263950094359412,0.0964270509422521,0.1049578283892314,0.0971298144147519,0.1002361492435787,0.1192110300346903,0.0526315789473684,3.9207115,57,57.0,1,0,2.0,1.8,fear,0,0.0,Beauty,1
top,1,1,0,0,99.38401442307692,0.0782932490110397,0.023388585075736,2354.6392687787443,1257.4561366544588,3035.541991601148,970.174475217456,1.0,0.0982302487043247,0.0999767169148104,0.0608899061964548,0.1012484418987824,0.0844359941532834,0.0920353981457261,0.0892555458232969,0.0548800445144527,0.0933861731127838,0.0426328624002294,0.0855866601380291,0.0875757905358507,0.0625,4.350546,16,16.0,1,0,3.2,2.6,happy,1,0.0,Fitness,1
top,1,0,0,0,178.20581896551724,0.1063332110643386,0.0263301972299814,3073.835348476373,948.6557495967966,3625.6285650575473,540.587743314094,0.9979879275653925,0.1124374929683616,0.084706679527246,0.0915304765406931,0.0685630393533319,0.0761070494898312,0.1341084525583422,0.0733389029017775,0.1056269976874589,0.0631623230323933,0.0679682697095696,0.10165872943388,0.0862390212552286,0.0,3.195335,15,15.0,1,0,2.8,1.0,neutral,1,0.0,Prank,1
top,1,0,0,1,147.65625,0.0596977844834327,0.0163315739482641,1980.9512891805605,1113.6770840011936,3077.805588997865,694.5055405437462,0.9899244332493704,0.0659420234849041,0.0773231513277955,0.0629014577942008,0.0557798468898453,0.0783140905383481,0.0612176230742348,0.0645129220368871,0.0432354675247206,0.0551845031638573,0.0547217281530577,0.0485427386394803,0.0708832248468776,0.0,4.216595,12,12.0,1,0,2.2,1.0,sad,1,0.0,Prank,1
top,1,1,0,0,114.84375,0.0101294955238699,0.0104207023978233,4310.044314465419,1803.176942371803,3511.62510804625,772.7020937520783,0.7477876106194691,0.1247637555927347,0.1055276701178975,0.092761058865815,0.1039329889425114,0.0863205931302126,0.1115316409012702,0.0949226234328504,0.0920950861170422,0.0999663196635674,0.0840253277781629,0.1015460036964741,0.1058698499900286,0.0,15.305161,7,7.0,1,0,1.6,1.0,neutral,1,0.0,Prank,1
top,1,1,0,0,89.10290948275862,0.027001516893506,0.0102014020085334,3313.419536492173,1759.458088136856,3545.1273682902274,994.5959780192926,0.9806763285024156,0.0686698201144586,0.085138893462449,0.0850255411738992,0.1126648675595482,0.0973644147602459,0.0899714123539008,0.0825146334021153,0.07173920125051,0.1192017197198245,0.1064549751753129,0.0656140568925354,0.0785302220970488,0.0,5.439821,7,7.0,1,0,2.0,2.0,neutral,1,0.0,Fashion,1
normal,0,0,0,0,89.10290948275862,0.1211910247802734,0.0579402148723602,3398.857596977267,1599.7364651372557,3645.124981812188,580.2837257342906,1.0,0.1261250511979415,0.0965836467596175,0.0827857165982906,0.0791664548542813,0.0794466995256064,0.1130066557650465,0.0840039495191784,0.1199977698647659,0.0835365403791522,0.0728370446132,0.0907546629942542,0.0834197052096998,0.0,4.628973,12,12.0,1,0,1.4,1.0,fear,1,0.0,Prank,0
top,1,1,0,0,126.04801829268293,0.0245560929179191,0.0274667218327522,2520.8994668896394,1722.2090996737418,2767.31293711227,1050.1489213928269,0.9841863833896668,0.1067946687647681,0.1023036897892195,0.1069095834769246,0.1103200690605397,0.1070324836311608,0.1087784240371455,0.1055434172523756,0.1152823504100735,0.1011485758289258,0.107110812484382,0.1054256812261426,0.1058850034042365,0.1106719367588932,9.759456,253,253.0,1,0,1.0,1.0,happy,1,0.0,Musik,1
top,1,0,0,0,166.70866935483872,0.0050703156739473,0.0033438890241086,1689.8083253047798,1185.3354647607823,2405.369935645979,674.3944482384023,0.933852140077821,0.1308271227694955,0.1300962804472581,0.154739735814042,0.1363529992061821,0.0902048567108508,0.083046638155413,0.1406073604113487,0.0502260792090912,0.0664012736469748,0.0806923025838917,0.0660228934096621,0.0656087820931069,0.0,2.2358515,8,8.0,1,0,1.2,1.0,happy,1,0.9178,Fashion,1
top,1,1,0,1,64.599609375,0.0661660209298133,0.02822857350111,3411.125167774492,1656.9717779003986,3522.701419025815,1001.1955566543496,0.976,0.0736434194211814,0.0908834193493636,0.0950417307278264,0.0845647153859377,0.0935629823911509,0.0931589875365582,0.0797616036903756,0.0709784945287174,0.0680119251806797,0.0726587915914207,0.0674545040571655,0.0838519731495522,0.25,3.1479132,12,12.0,1,0,1.0,1.0,angry,0,0.0,Fitness,1
top,1,1,0,0,156.60511363636363,0.0231634024530649,0.0145171303302049,2185.0184612257435,1186.565519699055,3295.793972884124,548.6049722469916,0.9690265486725664,0.1121904096188524,0.0798469191941537,0.1053605916298543,0.0908462908882896,0.1356431837039913,0.1027976780340476,0.0582605968421263,0.0780456294043152,0.0577078501130702,0.0758406875167857,0.0621437467243961,0.1101896406152524,0.1428571428571428,9.530679,7,7.0,1,0,3.8,2.0,sad,1,0.2263,Fashion,1
normal,0,1,0,1,129.19921875,0.1324900388717651,0.0657953321933746,2804.3957594515796,1152.733275395801,3547.7428453621433,739.9693718508655,0.994,0.1051599827833401,0.1173257861764121,0.0830292584338594,0.0920207718753033,0.0730078505990539,0.0834683906484029,0.1055264172622751,0.0576298725160299,0.1124174248045633,0.061863144151312,0.0893886598905331,0.0861948942562777,0.0,3.1040268,15,15.0,1,0,3.0,1.0,neutral,1,0.0,Fashion,0
normal,0,0,0,0,156.60511363636363,0.1007623299956321,0.0462755970656871,2513.6097909246314,917.1099331916196,3229.651905831855,738.801698957116,0.9941972920696324,0.0905249646819649,0.079856534601426,0.0786683238158347,0.0783688542992557,0.0838004007063535,0.0879026236120774,0.0870796101503635,0.0826907603214409,0.0745553839172829,0.0781698141222064,0.0781653329432585,0.0914519454873057,0.9411764705882352,3.972064,17,17.0,1,0,1.4,1.2,sad,1,0.0,Fitness,0
normal,0,1,0,0,132.51201923076923,0.100350983440876,0.0543320141732692,2640.61276906122,1599.435418151544,2565.385437950835,771.6654037151771,0.96858407079646,0.0899908434498463,0.0917349932593039,0.0825112401078563,0.0922082728165478,0.091688224498589,0.095874353657488,0.088721956994494,0.0978768101257862,0.0846674646925216,0.0928863613064773,0.0864746414910878,0.0931869143796574,0.0441176470588235,4.544602,68,68.0,1,0,5.2,2.2,happy,1,-0.1779,Musik,0
normal,0,0,1,0,135.99917763157896,0.0824189409613609,0.0995999202132225,1773.7391296822775,1005.156231619386,2861.0158595598573,975.4342800081158,0.71,0.0832849690567594,0.0728691208794265,0.0746794335094932,0.0754091325732179,0.0748708712955185,0.0860001081844367,0.0630961969530377,0.0620872895241544,0.06773620413857,0.0728065804526158,0.0698211411505627,0.0749615341285467,0.3684210526315789,10.388703,19,19.0,1,0,4.8,1.2,neutral,1,0.0,Beauty,0
normal,0,1,0,0,93.9630681818182,0.0357834734022617,0.0160290524363517,2387.9507697650783,1258.9969822079731,3062.1240152707283,966.5901420979282,0.9829787234042552,0.069499983920786,0.098913156757934,0.0674664381506374,0.0808328923187743,0.0967025264979048,0.0834069168677639,0.0949626513841242,0.0660371449001018,0.0938795698183295,0.0785272806166353,0.0606850896643432,0.0740580910263553,0.0,5.3538537,15,15.0,1,0,2.2,2.0,sad,1,0.0,Fashion,0
top,1,1,0,0,123.046875,0.1263838112354278,0.0770357623696327,3856.836326742457,1595.838334738953,4048.339157927414,884.9820823277563,0.947952218430034,0.0876677475397985,0.084505129769372,0.0801631423141294,0.0843258196981998,0.0880701972093811,0.0929549536287919,0.0741195942389985,0.0846059795666983,0.0759914603432764,0.0885983102743362,0.1016514530299875,0.0871358902301002,0.2777777777777778,6.030388,36,36.0,1,0,2.6,1.2,fear,1,-0.2023,Comedy,1
normal,0,0,1,0,135.99917763157896,0.0446454845368862,0.0523017793893814,3050.954201236598,1684.081677500971,3179.355446315091,979.72721773595,0.9557522123893806,0.106044064758074,0.0982078408320214,0.1002792993223728,0.1126403417053149,0.1049744326130331,0.1058231315657459,0.0960011874191979,0.092091274829738,0.103063431232893,0.1143393870937831,0.100203801527236,0.1041582898439216,0.0,4.9251184,18,18.0,1,0,2.4,1.8,angry,1,0.0,Prank,0
normal,0,0,1,1,129.19921875,0.2040570080280304,0.093232937157154,2244.912389625378,1326.347382151181,3319.89619494401,928.4021637593132,0.9821862348178138,0.1009806033945514,0.1009208458079001,0.0869943691763226,0.0937516185089434,0.0850456917169747,0.0776972990862605,0.0874687873361226,0.0532108639490883,0.0647386380809354,0.0559145841884753,0.0698176539233746,0.0849912116799665,0.1842105263157894,5.027501,38,38.0,1,0,3.6,3.0,sad,0,0.0,Fashion,0
normal,0,0,0,0,172.265625,0.1243276298046112,0.0441519692540168,2455.60527047196,1201.7318904623803,2874.2667203429796,862.1388729932132,0.990909090909091,0.102055701498114,0.0998367863469839,0.0885031962691776,0.0905836634729586,0.1138292188324825,0.0870683087278984,0.0789065243141561,0.0818578719494447,0.08406797246943,0.1170101739339788,0.1147050825576695,0.1134327396894649,0.0,11.5914,10,10.0,1,0,1.0,1.4,fear,1,0.0,Fashion,0
normal,0,0,0,1,114.84375,0.0445646159350872,0.0391548611223697,2733.664134605672,2289.559938780584,2801.6932144409716,1067.0852434879964,0.931372549019608,0.1327925363978992,0.1490443729642188,0.115099917258177,0.1116664584468613,0.09706116264512,0.0884925220804724,0.0961885965001674,0.0973944052223121,0.0801056688273456,0.0912461238332628,0.0983167744326575,0.1137396030781526,0.0,5.416225,7,7.0,1,0,1.6,1.2,neutral,1,0.7925,Beauty,0
normal,0,0,0,0,74.89809782608695,0.1245230883359909,0.0998981148004531,1752.4398116617035,909.2331392779998,2231.890898768435,799.0292425240782,0.9654676258992806,0.1134977217207112,0.0939420108330949,0.1046781737117301,0.0961073670222198,0.1095354926909037,0.1100848050091688,0.1001959410614158,0.0833090341876649,0.0858883036682965,0.1162862607277715,0.11748244750772,0.1143772164684417,0.1818181818181818,6.3882947,22,22.0,0,0,2.0,1.0,happy,1,0.0,Unboxing,0
normal,0,1,1,0,156.60511363636363,0.0043475111015141,0.0095753716304898,3241.142993202986,1487.303524255112,3795.5692898931425,734.3553840102222,0.654300168634064,0.0521876929263035,0.0482131409335968,0.0533945917226201,0.0558757200743241,0.0584694679409177,0.0524145263819678,0.0445746811688115,0.0423071788486389,0.0363353132954443,0.0371295796230111,0.0353803648831497,0.0432912912027125,0.1111111111111111,7.433119,18,18.0,1,0,1.2,1.6,neutral,1,0.0,Fashion,0
normal,0,0,0,1,143.5546875,0.0153471026569604,0.0184302777051925,3505.2689700279016,1045.8897203998074,4436.519076963359,564.6229356611911,0.4558011049723757,0.0393582576183314,0.0357538822967973,0.0392812368327406,0.0425565846918431,0.0389163223381686,0.0447144163236108,0.0384008456672865,0.0390321128259123,0.0359314302793377,0.0405884203860422,0.0366009611702522,0.0363582577961797,0.2727272727272727,3.3349338,11,11.0,1,0,3.4,1.8,neutral,0,0.0,Musik,0
top,1,1,0,1,109.9567819148936,0.1072449833154678,0.0558291263878345,2388.2121219392443,1207.923409306026,3335.146554536,873.2409268141097,1.0,0.1095238468157054,0.0928706259096829,0.1037888357028576,0.1029964220086155,0.1139937786678557,0.1001426826586188,0.0970927839426969,0.1189256239518664,0.0815896448929141,0.1210671236357908,0.1042825588286753,0.1024421665705158,0.0555555555555555,3.1678147,54,54.0,1,0,1.0,1.0,happy,1,0.0,Beauty,1
normal,0,0,0,1,143.5546875,0.1255258172750473,0.0145794795826077,2389.3862319724276,999.8853273737316,3959.770830545429,626.7947455515769,1.0,0.0623135587819585,0.043180135528606,0.0539266876039275,0.0482053614876644,0.0894814972994087,0.0649179014851299,0.0382759965874809,0.0863682247526278,0.0421148172861432,0.0936793614485362,0.063263628631185,0.087130299662762,0.3333333333333333,2.9096358,12,12.0,1,0,1.2,1.0,neutral,1,0.0,Musik,0
normal,0,0,0,0,132.51201923076923,0.0487674809992313,0.0407814532518386,3203.1932545889963,1540.3871817669012,3448.634627148481,761.9945475853139,0.8777895855472901,0.1010834168015033,0.0965616419219341,0.1011358734686428,0.1084758115173755,0.0977218915720511,0.103829845115969,0.0974689921030778,0.0957360249437084,0.0838402311323494,0.094094036141858,0.0921240787016231,0.099135998981909,0.1666666666666666,6.3231916,30,30.0,1,0,2.2,1.4,happy,1,0.0,Fashion,0
normal,0,1,0,0,117.45383522727272,0.0805540829896926,0.0545489713549613,2747.1608596812594,1901.7562289590396,2996.645567543535,1029.694879725425,0.9612582781456952,0.0991040359015557,0.1044440685745759,0.093222952594264,0.0989000969088992,0.100000419598145,0.0970709002851794,0.0981526102274137,0.0965553374845755,0.117181171697401,0.1134397186617283,0.0974724618233412,0.1064527708071948,0.0219780219780219,6.699806,91,91.0,1,0,3.6,3.8,happy,1,0.9724,Comedy,0
normal,0,0,0,0,129.19921875,0.1522010713815689,0.0666326135396957,2624.9745613181785,1559.0381360364954,3358.6964771480093,1092.2766505203135,0.9911373707533236,0.1049252947288784,0.1102212361735248,0.0807908680114328,0.099686771036751,0.085625480266093,0.0901802213661533,0.0917423569298086,0.0593767326072219,0.0874047761429084,0.0604903795216108,0.0796345743349979,0.0872774072842206,0.0,11.96112,42,42.0,1,0,12.4,15.8,sad,1,0.0,Fashion,0
normal,0,0,0,0,93.9630681818182,0.1607860475778579,0.0448590666055679,1393.758780529481,330.43227700501103,1990.2428725246104,376.8456516778376,1.0,0.0876105305508277,0.0852880365225002,0.0784941860410266,0.075651029916301,0.072725501064637,0.0604181545657207,0.0552853332890376,0.0556592863832562,0.062430423373459,0.0575166925910011,0.0575027065779718,0.0763302925156633,0.1818181818181818,7.159359,22,22.0,1,0,2.4,1.2,sad,1,0.0,Gaming,0
top,1,1,0,0,135.99917763157896,0.0266829971224069,0.0321632251143455,2234.0401850844855,1547.7320457298244,2582.71194428344,986.9628089543916,0.9809554902600937,0.1022030986285401,0.0983876675371784,0.0985545411414639,0.1093522967739073,0.1115737523232351,0.1164900858679604,0.1101710355345849,0.1135699449662651,0.1057725439246727,0.1068329717080043,0.1057305849516601,0.1035483469204887,0.0978260869565217,10.4597225,276,276.0,1,0,4.4,1.0,sad,1,0.4995,Unboxing,1
normal,0,0,0,1,129.19921875,0.1575703769922256,0.0607705600559711,2490.6201513184033,1632.6629172122043,3224.625612768544,1167.9230071270392,0.9939516129032258,0.1000668780358766,0.1038568098226587,0.0804642640301644,0.10002055285135,0.0867006313051254,0.0919007069001734,0.0850131555764293,0.0605532780863957,0.0828880205819246,0.0596739026417858,0.0749016583087929,0.0819866210921957,0.3,4.752374,30,30.0,1,0,5.8,2.6,sad,0,0.0,Musik,0
normal,0,0,0,0,87.5926906779661,0.0392300859093666,0.0396734252572059,1975.4356871845753,1509.9729746963642,1990.676897801913,910.0275875609004,0.9351927809680064,0.1170516463468136,0.0693895992051244,0.0797640420415271,0.0758512786644849,0.1072805707973431,0.1000368811919907,0.0733876700130529,0.1090425164304807,0.0703628755823165,0.1041138544408653,0.0752345697768416,0.0727636559023758,0.081081081081081,10.241051,37,37.0,0,0,1.4,1.4,happy,1,0.7506,Musik,0
normal,0,0,0,0,107.666015625,0.1268139630556106,0.0571147166192531,3212.963612131724,1091.773264058584,3643.00411600551,753.3194220279323,0.9957173447537472,0.0743629526106552,0.0746314791100901,0.0778082294049844,0.0818464540702327,0.083620634260984,0.0818577744644988,0.0771542137964377,0.0785614098740749,0.0781450362754285,0.0801909391575921,0.0765633377030389,0.0795540455283232,0.3448275862068966,4.9729733,29,29.0,1,0,2.6,1.0,neutral,1,0.0,Prank,0
normal,0,1,0,0,147.65625,0.042368683964014,0.020192751660943,1567.1011614042104,692.5869832251466,1946.271487307267,506.2875880512476,0.9936305732484076,0.0911348485422381,0.0829125753902531,0.0730029900115294,0.0799545317572596,0.0646165283266528,0.1374312250505972,0.0519209129304195,0.0537502963942837,0.0881164288501333,0.0614663209594674,0.1070817081048233,0.0667710916303971,0.0,6.472759,10,10.0,1,0,1.4,1.0,happy,1,0.0,Unboxing,0
top,1,1,0,0,151.99908088235293,0.0311880782246589,0.0118545815348625,3239.716751241247,1408.989991041179,3527.0958567947414,848.9399668099624,0.986,0.0714971763665577,0.0852032763527146,0.0993500583883482,0.0703169383445957,0.1284700089383779,0.0763036498348459,0.1009335159049929,0.0695158568868358,0.1015184828709912,0.0877245865215546,0.0632843698237997,0.1148653135567535,0.0,3.1848872,15,15.0,1,0,1.8,1.0,neutral,1,0.6124,Prank,1
top,1,0,0,0,123.046875,0.0734351873397827,0.0480709262192249,1881.9617492976815,781.8332489229603,1759.237820476707,501.80828005779136,0.9472237493128092,0.1102315150350253,0.1219339506322307,0.1094482169900165,0.0957637211987291,0.0788392041496391,0.0861310423474266,0.1010749887166683,0.0987475381058449,0.0926644808666984,0.1149763966198107,0.0985301271241356,0.1106020774123403,0.2909090909090909,5.5285826,55,55.0,1,0,1.6,1.2,sad,1,0.0,Beauty,1
normal,0,0,0,0,120.18531976744184,0.0290053635835647,0.0198132302612066,2152.541115052481,1260.0499024537305,2383.934741528012,503.6966017326357,0.9559902200488998,0.1002521415957051,0.1349728421311223,0.0590201516039757,0.0953437178759812,0.0450622498788436,0.0471549913915932,0.0690374436546,0.115523335649622,0.1184211310466207,0.0545544868608821,0.0933510006421088,0.1273561980788388,0.0769230769230769,10.549938,13,13.0,1,0,1.0,1.0,happy,0,0.0,Beauty,0
normal,0,1,0,0,103.359375,0.1355052441358566,0.0448862388730049,3492.488108819091,1241.6982181613632,4027.5953717201623,587.4451948765678,1.0,0.0762426121188227,0.0536572194637681,0.0789257978535919,0.0882707838529648,0.0561212429601533,0.0622659043431201,0.0788579071463942,0.086849936398028,0.0600735712234808,0.0714570830070299,0.0871312300113009,0.0648080067308817,0.0,2.8533235,11,11.0,1,0,2.0,1.2,neutral,0,0.0,Fashion,0
top,1,0,0,1,93.9630681818182,0.0252430159598588,0.018299750983715,2800.50152015178,1947.023988726423,3647.714129373567,1288.5619679415947,0.9331896551724138,0.1075080569848268,0.061900245977024,0.1110617420713254,0.0527081505429277,0.0812979229150293,0.116474300537924,0.0695978369752454,0.0717570323132771,0.0847820648088526,0.1147559690856639,0.1098332574212395,0.0646849048496512,0.0,3.4718106,29,29.0,1,0,2.8,1.0,neutral,1,0.0,Comedy,1
top,1,0,0,0,151.99908088235293,0.0529810637235641,0.0232733078300952,1891.3762691527684,1319.1412487951366,2872.761797303727,1137.8096132275627,0.993006993006993,0.0870254086992027,0.0727998685126183,0.0621767178263524,0.0642904227131489,0.0651418647729233,0.0799545796666818,0.0452463284447345,0.067841372469925,0.0625112536683686,0.0420136306827971,0.0616322573140646,0.0623820627827542,0.6111111111111112,1.092372,18,18.0,1,1,2.0,1.0,sad,1,0.9571,Fitness,1
top,1,1,0,0,126.04801829268293,0.0299500152468681,0.0235893130302429,2610.5699646581875,1622.305229855937,3100.3614871629893,922.9189046680888,0.8712460063897763,0.1041976036369063,0.0940341288198506,0.091720499864468,0.0985451336956621,0.0966890763176119,0.1043857568841655,0.0917743479519071,0.0955349854400911,0.0943825201993792,0.1045924243146795,0.1037741074423179,0.1039572941571611,0.082901554404145,8.307592,193,193.0,1,0,2.4,1.6,neutral,1,0.0,Beauty,1
normal,0,0,0,1,77.1338619402985,0.1846628487110138,0.0340558998286724,3085.148915575166,1108.044220511414,3562.7097850613886,569.4816317913629,0.9976415094339622,0.0983404099587331,0.0816968309279389,0.1044100067612614,0.0607344036592041,0.0923873014147599,0.0794203882094726,0.0583699925836331,0.0740221057450673,0.0607879282470147,0.0776510257211096,0.0578216845573646,0.069262616709421,0.0769230769230769,3.2008336,13,13.0,1,0,1.6,1.0,sad,0,0.0,DIY,0
normal,0,0,0,0,103.359375,0.0968155264854431,0.0526270046830177,2120.29395489615,1327.3668586981948,2449.563415698187,762.8284467675696,0.9784366576819408,0.119513471671305,0.0850013240287509,0.0950460138170036,0.0765486766526543,0.0943699081552207,0.1268860656949961,0.0722025641423363,0.1047956542359679,0.0860513398259753,0.0954649262726296,0.0984960164340025,0.0972290652202644,0.0,3.355252,12,12.0,1,0,1.0,1.0,happy,1,0.0,Beauty,0
top,1,0,0,1,103.359375,0.0205977614969015,0.0130286952480673,2504.709485617233,796.7993624153571,2880.685781969698,552.3777811965842,0.7575757575757576,0.0952389514933576,0.0981086489123633,0.0932591111753397,0.0911661239900985,0.0899844613856088,0.0975084964029352,0.0997680339882562,0.0940895329509772,0.0868116438968113,0.0809563743951314,0.0849545467678086,0.0993996398808437,0.1052631578947368,7.429908,19,19.0,1,0,2.0,1.0,angry,1,0.0,Unboxing,1
normal,0,1,0,1,156.60511363636363,0.0876662656664848,0.0285130515694618,3109.418706503662,1597.4209343860084,3444.277819177997,875.8927139094762,1.0,0.1353337230781016,0.0519454969915213,0.0794160771370516,0.1246400043069861,0.0548467413245458,0.1508829868026243,0.0712740407509574,0.1455002834650052,0.0832797747913166,0.0828615890736648,0.1215012181039064,0.0502033592862527,0.0,3.3677704,12,12.0,1,0,1.0,1.0,sad,1,0.9517,Fashion,0
top,1,1,0,0,61.5234375,0.0638787597417831,0.0201356727629899,3156.913187356935,1228.6437311552552,3813.238048149964,578.2890594761326,0.9864406779661016,0.0740365755869886,0.0936549375882668,0.0773010013935367,0.0767869828540113,0.0659900932925597,0.0746824157728205,0.0746005271077693,0.0731119115282062,0.0728857032947324,0.0744199978962375,0.0745010561717471,0.0705691018770398,0.0,7.6658964,9,9.0,1,0,4.2,4.4,neutral,1,0.0,Fashion,1
normal,0,0,0,1,166.70866935483872,0.0311933457851409,0.0370239913463592,2080.271360580322,1104.0216129651376,2898.0910567598708,846.2802225385129,0.8449738903394256,0.1132879067693129,0.1019603744823807,0.1054996052906187,0.1158153068993128,0.1049765686832146,0.1072928806295071,0.0835432510003338,0.0817153508259856,0.0870619134971521,0.097611763102713,0.0893214856512533,0.095086200057353,0.0,4.243449,95,95.0,1,0,3.0,1.4,fear,1,0.8316,Comedy,0
top,1,1,0,0,166.70866935483872,0.0369726680219173,0.0077415485866367,2543.8933264430816,642.6986076431461,3068.2553626567983,516.1162550993221,0.9516806722689076,0.0968729222747646,0.0534755425926141,0.1083503591181264,0.0984770559109187,0.0659355458362417,0.0970233740750589,0.0385828049683661,0.0935474686004161,0.0466298280772529,0.0968740964550274,0.1202372589358125,0.0475431612249908,0.0,12.097389,15,15.0,1,0,1.8,1.0,fear,1,0.0,Prank,1
normal,0,0,0,0,132.51201923076923,0.1022976785898208,0.0380081348121166,2526.763499095547,980.7858251580908,3398.718202379849,730.1151420175908,0.9969104016477858,0.10765458870429,0.0530974013658538,0.0499614291387792,0.0728868089913249,0.048029779270812,0.1134940842273573,0.0646790844762834,0.0937755327875707,0.0481117713401494,0.0594160759601754,0.0870659504590071,0.0440296127230112,0.7,10.470601,30,30.0,1,0,6.0,2.8,happy,1,0.0,Gaming,0
normal,0,0,0,1,99.38401442307692,0.1038383021950721,0.0326234064996242,3309.39702940045,863.8898562405072,3633.1025871225634,569.9590446770867,0.997291807718348,0.0809572953042357,0.0511561014144885,0.0799423724853927,0.0634758574571325,0.057693689772679,0.0752327957611305,0.0601236202022456,0.0634665657023722,0.0453314788789458,0.0681294404501313,0.0476824235831664,0.0652114613142319,0.5777777777777777,10.488146,45,45.0,0,0,2.4,1.0,sad,1,0.7824,Prank,0
top,1,0,0,0,109.9567819148936,0.0270844269543886,0.0211628582328557,2307.168747199014,1729.0075625855857,2700.649562130767,925.332094330344,0.959278111985192,0.1214771420021946,0.1174954197362252,0.1105609276136007,0.1125295395682137,0.0983189221152773,0.10552111311339,0.0976305717379478,0.1128520963123811,0.0992244789139397,0.1045513761491108,0.1013024385707302,0.1131037828620242,0.0,5.563395,65,65.0,1,0,1.4,1.2,fear,1,0.9899,Comedy,1
top,1,1,0,0,135.99917763157896,0.0378753803670406,0.0231935568153858,4363.44613804534,1853.7224617623224,3939.492382399664,832.7759114445358,0.9973544973544972,0.0724581291134903,0.0938836793866253,0.0923907916488717,0.082050219145261,0.0786121246344878,0.0691388113236716,0.0745612015642515,0.0718333872614183,0.0773815893903951,0.0881776379663623,0.0741747062333359,0.1022822372119751,0.0833333333333333,5.0068955,12,12.0,1,0,1.6,1.4,happy,0,0.0,Fashion,1
normal,0,0,1,0,129.19921875,0.0666131898760795,0.0196501705795526,2517.44945787184,1120.5817286168449,3495.9639500301537,589.73680143207,0.9920318725099602,0.0911745527512801,0.0647112920450183,0.0949305751741085,0.1264487365475369,0.1014782985241255,0.0912291189007254,0.0756347589845015,0.1461111735945132,0.0671547824437052,0.0540714592184897,0.1159238536980609,0.0848962040064419,0.0,5.516214,8,8.0,1,0,1.8,1.0,neutral,0,0.0,Fashion,0
normal,0,1,0,0,120.18531976744184,0.0424804762005806,0.0274821314960718,2395.88433999353,1279.514994878045,2898.2348825900763,703.2374779229375,0.901685393258427,0.1021281841686297,0.0884203984502349,0.0851083414791524,0.0830297972831083,0.0882289138989373,0.1018533011946065,0.0771598393893863,0.0852711786865087,0.0790189223908744,0.0953109586111532,0.1043354681778668,0.0863363791845915,0.3636363636363636,7.4033127,11,11.0,1,0,2.2,1.4,happy,1,0.0,Fitness,0
normal,0,1,0,0,126.04801829268293,0.1742761433124542,0.1158629581332206,3562.231200976287,1881.4365121168744,3370.2793743806933,736.7128429873637,0.9895968790637192,0.1161761637055341,0.1112805611791738,0.089310324755562,0.0692057098533108,0.0595499092511683,0.0872367059814321,0.0848364809032572,0.0795740848740705,0.0726988635355255,0.0720380780857719,0.0768153436124393,0.0909995408556067,0.125,7.9634094,24,24.0,1,0,6.2,3.8,sad,1,0.0,Gaming,0
normal,0,0,0,0,151.99908088235293,0.0412828810513019,0.0242988672107458,2041.3863087533107,1323.7452312387168,2590.164241978282,799.5449905159824,0.8930141670737665,0.1153353162237897,0.0777130930413934,0.1174454515137908,0.0711576119071262,0.0584832066186332,0.0997475947149165,0.0783472835827043,0.1033802005040559,0.0916944552024539,0.1043122025388939,0.1307769938341449,0.0710543861168881,0.064516129032258,3.9836428,62,62.0,1,0,1.2,1.0,sad,0,0.0,Beauty,0
normal,0,0,0,0,129.19921875,0.0208982899785041,0.0070789940655231,2194.740736714358,1521.349576791095,2944.3577878974256,1248.2856119253422,0.9938811188811189,0.0720785666371755,0.0770806311748784,0.0770611402528179,0.1142700093935328,0.0543562493565097,0.110676984526587,0.1018335145383525,0.0563537023336754,0.0539438336860895,0.0536537429009716,0.1125647645790614,0.0617751539372359,0.0857142857142857,7.166003,35,35.0,1,0,1.4,1.0,angry,0,0.0,Prank,0
normal,0,0,0,0,112.34714673913044,0.0851366445422172,0.0692740157246589,1786.301893276157,1364.6533134006804,2320.8969728269394,742.260850044429,0.928030303030303,0.0952324195809943,0.1027053794233679,0.11960883569973,0.1231280472977861,0.1087369032745575,0.0997383135500573,0.0824678922690323,0.078695128288967,0.0863917254284737,0.064836352663788,0.0705933398103863,0.0707888457402148,0.0,4.32352,8,8.0,1,0,1.8,1.0,neutral,0,0.0,Fashion,0
normal,0,1,0,0,109.9567819148936,0.0437172278761863,0.0399633310735225,1632.1976769248768,425.38526106647544,2379.2517632049367,585.0095015724892,0.9402654867256636,0.0966025161401793,0.116746176370863,0.0818778242614397,0.0897724730150019,0.1111836254702669,0.1010012235144875,0.101554458968104,0.0894557510439731,0.0935423651199283,0.0892348760574672,0.0737031709106438,0.0856804189842337,0.1333333333333333,9.262704,15,15.0,1,0,3.4,2.0,neutral,1,-0.7506,Gaming,0
