video_id,schnitt_frequenz,durchschnittliche_bewegung,anzahl_frames,video_dauer_sek,ist_person_prominent,ist_tier_sichtbar,avg_objekte_pro_frame,avg_gesichter_pro_frame,dominante_emotion,ist_text_eingeblendet,text_sentiment_compound,video_kategorie
top_53_likes_729700_id_7542648831586880823,0.2149532710280373,9.150545,107,107.0,1,0,1.8,1.6,happy,0,0.0,Vlog
top_45_likes_780200_id_7548598130665622804,0.1923076923076923,6.863052,26,26.0,1,0,1.8,1.0,happy,1,0.0,Vlog
top_96_likes_365300_id_7560113050100043026,0.2909090909090909,5.5285826,55,55.0,1,0,1.6,1.2,sad,1,0.0,Beauty
top_32_likes_1000000_id_7556001068405050638,0.1106719367588932,9.759456,253,253.0,1,0,1.0,1.0,happy,1,0.0,Vlog
top_19_likes_1500000_id_7231352152743152942,0.0,3.9068198,29,29.0,1,0,2.0,1.6,happy,1,-0.4767,Fitness
normal_11_likes_30500_id_7559969376590515470,0.3448275862068966,4.9729733,29,29.0,1,0,2.6,1.0,neutral,1,0.0,Unboxing
normal_2_likes_58100_id_7525148037694393614,0.2121212121212121,5.6383076,33,33.0,1,0,2.0,1.2,angry,1,0.0,Vlog
normal_59_likes_47900_id_7535597272009116958,0.0,6.910413,56,56.0,1,0,2.6,1.2,happy,1,0.0,Vlog
top_47_likes_769700_id_7541499742363110663,0.1451612903225806,7.3720307,62,62.0,1,0,2.4,1.2,sad,1,0.0,Vlog
top_48_likes_756500_id_7503547470006226198,0.0,6.068929,34,34.0,1,1,3.0,1.0,neutral,1,0.0,Prank
normal_46_likes_82100_id_7558847527311740174,0.1666666666666666,6.3231916,30,30.0,1,0,2.2,1.4,happy,1,0.0,Vlog
normal_57_likes_13500_id_7518459843343060238,0.1578947368421052,2.4478047,133,133.0,1,0,3.0,1.2,fear,0,0.0,Vlog
normal_36_likes_12100_id_7556652844523310367,0.0441176470588235,4.544602,68,68.0,1,0,5.2,2.2,happy,1,-0.1779,Vlog
normal_35_likes_58200_id_7540363753703869751,0.0508474576271186,8.886277,59,59.0,0,0,0.8,1.2,angry,1,0.0,Vlog
normal_99_likes_110000_id_7548522029700353293,0.0,3.3485425,49,49.0,1,0,10.4,3.4,neutral,1,0.0,Comedy
top_68_likes_572200_id_7559378658817854775,0.0978260869565217,10.4597225,276,276.0,1,0,4.4,1.0,sad,1,0.4995,Vlog
top_94_likes_371900_id_7515067489852673323,0.2,6.564511,45,45.0,1,0,4.4,1.0,fear,1,0.0,Vlog
normal_77_likes_27500_id_7562335351113649430,0.5777777777777777,10.488146,45,45.0,0,0,2.4,1.0,sad,1,0.7824,Gaming
top_74_likes_493300_id_7561159008074124558,0.082901554404145,8.307592,193,193.0,1,0,2.4,1.6,neutral,1,0.0,Vlog
normal_50_likes_93500_id_7545914679911107854,0.04,8.969778,50,50.0,1,0,2.4,1.0,happy,1,0.3182,Comedy
top_88_likes_400000_id_7552987068071267591,0.4583333333333333,6.541234,48,48.0,1,0,2.6,1.2,sad,1,0.0,Musik
top_76_likes_487100_id_7513391798920989998,0.0,2.778284,30,30.0,1,0,6.6,1.8,happy,1,0.0,Musik
normal_88_likes_119500_id_7513980049121611054,0.0,11.805336,15,15.0,1,0,4.4,1.4,fear,1,0.0,Vlog
normal_3_likes_31800_id_7540683047117540663,0.0307692307692307,7.3952827,65,65.0,1,0,1.2,1.0,happy,1,0.743,Vlog
top_89_likes_400100_id_7554814344748354830,0.0,4.216595,12,12.0,1,0,2.2,1.0,sad,1,0.0,Vlog
normal_47_likes_21400_id_7463295674528828718,0.0714285714285714,6.883583,112,112.0,1,0,2.2,1.0,fear,1,0.0,Vlog
top_43_likes_822300_id_7493024973506792746,0.0,4.264327,51,51.0,1,0,4.2,1.2,neutral,1,0.0,Vlog
normal_83_likes_34700_id_7556665618670406925,0.3684210526315789,10.388703,19,19.0,1,0,4.8,1.2,neutral,1,0.0,Vlog
top_13_likes_1900000_id_7546069423900200247,0.04,8.134531,25,25.0,1,0,2.2,1.0,angry,1,0.0,Vlog
normal_39_likes_107200_id_7544374389890927886,0.0684931506849315,6.071059,73,73.0,1,1,1.4,1.2,neutral,1,0.0,Fitness
top_78_likes_473800_id_7558622926065519885,0.0555555555555555,3.1678147,54,54.0,1,0,1.0,1.0,happy,1,0.0,Vlog
top_93_likes_371700_id_7562727779981135159,0.0,5.563395,65,65.0,1,0,1.4,1.2,fear,1,0.9899,Vlog
normal_56_likes_18100_id_7524003882544926007,0.0857142857142857,4.8324127,35,35.0,1,0,2.6,1.0,neutral,1,0.0,Comedy
normal_75_likes_31000_id_7548837577323711758,0.6050955414012739,2.2469099,157,157.0,1,0,5.0,1.4,neutral,1,0.0,Prank
normal_14_likes_78900_id_7439471913715485998,0.0823529411764705,6.322501,85,85.0,1,0,3.2,2.0,neutral,1,0.5994,Vlog
top_90_likes_388200_id_7543753322679864589,0.0969696969696969,9.983383,165,165.0,1,0,3.2,1.0,fear,1,0.9851,Unboxing
normal_67_likes_14300_id_7516941123676294430,0.0,7.8915324,84,84.0,1,0,1.0,1.0,happy,1,-0.9432,Vlog
top_56_likes_715500_id_7541415269642652941,0.4074074074074074,10.688986,27,27.0,0,0,3.6,1.0,sad,1,0.0,Prank
top_54_likes_722900_id_7548194770137500941,0.1822916666666666,10.436393,192,192.0,1,0,1.0,1.2,happy,1,0.0,Vlog
normal_32_likes_41600_id_7493294519652224302,0.4411764705882353,6.3886886,34,34.0,1,0,2.8,1.4,neutral,1,0.0,Vlog
top_66_likes_606500_id_7551538774350515511,0.0,8.049347,16,16.0,1,0,6.6,2.0,neutral,1,0.0,Vlog
top_70_likes_535000_id_7528058390535310605,0.0,1.0135695,29,29.0,1,0,1.0,1.2,happy,0,0.0,Vlog
top_49_likes_756800_id_7513647103558585643,0.0625,8.866551,16,16.0,1,0,9.6,4.4,neutral,1,0.0,Vlog
top_97_likes_341000_id_7532465100771413270,0.0625,3.5589588,32,32.0,1,0,1.6,1.0,sad,1,0.0,Fashion
normal_68_likes_49600_id_7553693101458541837,0.625,1.9630107,32,32.0,1,0,1.6,1.6,neutral,1,0.9927,Tier
top_73_likes_489400_id_7497125916095860014,0.0,5.315803,52,52.0,1,0,2.8,2.8,neutral,1,0.0,Vlog
normal_86_likes_7795_id_7558891371189325087,0.0219780219780219,6.699806,91,91.0,1,0,3.6,3.8,happy,1,0.9724,Vlog
top_72_likes_501900_id_7456887093139164458,0.0625,4.626656,16,16.0,1,0,1.0,1.0,surprise,0,0.0,Vlog
normal_43_likes_17700_id_7562334301166013718,0.7,10.470601,30,30.0,1,0,6.0,2.8,happy,1,0.0,Gaming
normal_55_likes_111100_id_7418609202073046302,0.36,9.99598,25,25.0,1,0,2.2,1.2,neutral,0,0.0,Fashion
normal_5_likes_43000_id_7506913208318496046,0.0,2.2771485,49,49.0,1,0,4.2,2.0,neutral,1,0.0,Vlog
top_25_likes_1400000_id_7491859948490607918,0.3088235294117647,4.5627675,68,68.0,0,0,0.6,1.0,sad,1,0.0,Fashion
normal_95_likes_12700_id_7541623233842269470,0.1081081081081081,4.9956045,37,37.0,1,0,2.6,1.0,sad,1,-0.6408,Gaming
top_16_likes_1700000_id_7481463647085088043,0.0,2.9872634,16,16.0,1,0,1.4,1.2,neutral,1,0.296,Vlog
top_46_likes_767900_id_7553465778972937479,0.0,7.64215,11,11.0,1,0,1.4,1.0,neutral,0,0.0,Vlog
normal_26_likes_85000_id_7437523439310654750,0.75,11.450206,48,48.0,1,0,2.6,1.2,sad,1,0.0,Vlog
top_82_likes_430400_id_7552180816277769486,0.048780487804878,7.344345,41,41.0,1,0,2.4,1.2,fear,1,0.8126,Unboxing
top_99_likes_331300_id_7520613613476826390,0.0,4.1995244,56,56.0,1,0,3.8,1.2,fear,1,0.0,Vlog
top_44_likes_778900_id_7552333719219031314,0.2,6.7834473,15,15.0,1,0,3.0,1.2,sad,0,0.0,Vlog
top_41_likes_869200_id_7527278440291126550,0.0,6.1491895,38,38.0,1,0,2.4,6.0,sad,1,0.0,Unboxing
top_85_likes_401500_id_7530273378234649878,0.0,2.9041142,45,45.0,1,0,4.0,1.2,sad,0,0.0,Prank
top_84_likes_409900_id_7524695285293993238,0.0625,2.5482025,16,16.0,1,0,3.0,1.4,neutral,1,0.0,Vlog
normal_72_likes_56500_id_7559395696504245517,0.3,4.752374,30,30.0,1,0,5.8,2.6,sad,0,0.0,Vlog
normal_89_likes_87600_id_7236485370542624042,0.35,6.0644374,20,20.0,1,0,4.4,2.2,sad,1,0.0,Vlog
normal_38_likes_52700_id_7396801365420461358,0.0625,8.258968,16,16.0,0,1,1.2,1.0,sad,1,0.0,Reise
normal_92_likes_68900_id_7481987417357012267,0.2,6.885831,15,15.0,1,0,2.2,1.2,fear,0,0.0,Vlog
normal_49_likes_11600_id_7558253309941927223,0.2727272727272727,3.3349338,11,11.0,1,0,3.4,1.8,neutral,0,0.0,Musik
top_95_likes_367000_id_7547911100520467725,0.0,4.43201,96,96.0,1,0,3.2,1.6,happy,1,0.0,Vlog
normal_84_likes_34600_id_7517661384499301687,0.1860465116279069,3.4469867,43,43.0,1,0,3.2,1.4,sad,1,0.0,Gaming
top_30_likes_986000_id_7551930941900360981,0.1666666666666666,5.895808,6,6.0,1,0,2.0,1.8,happy,1,0.0,Vlog
normal_82_likes_40900_id_7561859064007773453,0.0,4.243449,95,95.0,1,0,3.0,1.4,fear,1,0.8316,Comedy
normal_85_likes_24000_id_7486292240898411822,0.0,3.14455,48,48.0,1,0,2.0,1.0,neutral,1,0.0,Vlog
normal_97_likes_76300_id_7563467582280420616,0.0,5.516214,8,8.0,1,0,1.8,1.0,neutral,0,0.0,Fashion
normal_48_likes_62200_id_7418187878360026399,0.3684210526315789,11.737617,57,57.0,0,0,2.0,1.2,sad,1,0.0,Fashion
top_37_likes_979100_id_7561038181563419959,0.6111111111111112,1.092372,18,18.0,1,1,2.0,1.0,sad,1,0.9571,Vlog
normal_41_likes_43400_id_7553422683011091743,0.238095238095238,9.921446,21,21.0,1,0,5.8,2.6,sad,1,0.3869,Vlog
top_27_likes_1300000_id_7481081623962733867,0.0,6.0923877,10,10.0,1,0,1.0,1.0,neutral,1,0.0,Vlog
normal_20_likes_55500_id_7528464534936358199,0.0714285714285714,3.7901723,28,28.0,1,0,2.0,1.6,happy,1,0.0,Vlog
top_92_likes_373200_id_7550956666187975991,0.0,3.9674857,19,19.0,1,0,2.0,2.8,angry,1,0.0,Vlog
normal_100_likes_22500_id_7516938565066951991,0.024390243902439,1.1418709,41,41.0,1,0,1.4,1.2,fear,1,0.0,Vlog
normal_80_likes_32200_id_7397877687269772574,0.5483870967741935,6.935348,31,31.0,1,0,4.0,4.2,neutral,1,0.5766,Vlog
normal_60_likes_50100_id_7561200888036003103,0.0769230769230769,3.2008336,13,13.0,1,0,1.6,1.0,sad,0,0.0,Vlog
top_63_likes_579800_id_7538431890357865750,0.1702127659574468,4.348378,47,47.0,1,0,0.8,1.0,sad,0,0.0,DIY
top_35_likes_989400_id_7556996890223463735,0.2777777777777778,6.030388,36,36.0,1,0,2.6,1.2,fear,1,-0.2023,Vlog
normal_91_likes_43400_id_7506899936903007531,0.1206896551724138,3.288603,58,58.0,1,0,2.8,1.4,neutral,1,0.0343,Gaming
normal_24_likes_107000_id_7553295954502225166,0.6923076923076923,5.502806,13,13.0,0,0,1.2,1.2,sad,0,0.0,Comedy
normal_37_likes_75000_id_7564143939821784350,0.064516129032258,3.9836428,62,62.0,1,0,1.2,1.0,sad,0,0.0,Vlog
top_81_likes_439100_id_7530978492717190455,0.0,1.60505,78,78.0,0,0,3.6,1.2,sad,1,0.0,Gaming
normal_94_likes_113300_id_7560098104066805006,0.0,6.472759,10,10.0,1,0,1.4,1.0,happy,1,0.0,Vlog
normal_29_likes_24600_id_7551785289518288183,0.0,8.213221,27,27.0,1,0,9.0,15.4,happy,1,0.0,Vlog
top_10_likes_2000000_id_7219026508239686954,0.0,0.8855951,9,9.0,1,0,1.0,1.0,neutral,1,0.0,Vlog
top_50_likes_737800_id_7553438363085245703,0.0,4.494055,8,8.0,1,0,1.6,1.8,fear,1,0.0,Vlog
normal_42_likes_71700_id_7556690079058529567,0.0,5.3538537,15,15.0,1,0,2.2,2.0,sad,1,0.0,Fashion
top_100_likes_339500_id_7498461301472070954,0.0,4.490425,16,16.0,1,0,5.0,2.0,neutral,1,0.296,Vlog
normal_7_likes_44200_id_7546373233260449038,0.0909090909090909,5.6237736,33,33.0,1,0,7.8,3.4,sad,0,0.0,Comedy
normal_63_likes_105400_id_7513261762968341806,0.0,7.1181498,33,33.0,1,0,12.0,1.0,sad,1,0.0,Vlog
top_42_likes_874700_id_7542236120256482574,0.0,7.34305,24,24.0,0,1,1.8,1.0,neutral,1,0.8126,Vlog
top_57_likes_701500_id_7553724721108389133,0.0526315789473684,3.9207115,57,57.0,1,0,2.0,1.8,fear,0,0.0,Vlog
normal_62_likes_77200_id_7552317372590214431,0.175438596491228,5.8595834,57,57.0,1,0,2.6,1.2,happy,1,0.5979,Vlog
normal_33_likes_86700_id_7523247946826075422,0.0,12.016105,14,14.0,1,0,1.8,1.4,happy,1,0.0,Vlog
top_83_likes_416600_id_7535822781108194582,0.0384615384615384,6.160004,26,26.0,1,0,2.6,1.0,angry,1,0.3612,Prank
top_5_likes_3100000_id_7532593973144210743,0.0,8.740135,43,43.0,1,0,2.6,1.2,happy,0,0.0,Prank
normal_6_likes_32300_id_7564181866035678519,0.0,4.32352,8,8.0,1,0,1.8,1.0,neutral,0,0.0,Vlog
top_98_likes_343800_id_7522839955991956759,0.1,8.620642,30,30.0,1,1,2.0,1.0,happy,0,0.0,Vlog
normal_18_likes_26500_id_7413886018639744286,0.1578947368421052,10.278626,19,19.0,1,0,2.0,1.0,sad,1,0.0,Vlog
top_36_likes_979300_id_7500017699733425438,0.3015873015873015,6.8278832,63,63.0,1,0,1.4,1.2,neutral,1,0.0,Vlog
normal_96_likes_84500_id_7417155830354677022,0.2857142857142857,8.146379,14,14.0,1,0,1.2,1.2,angry,0,0.0,Fashion
top_20_likes_1400000_id_7538184429018041621,0.0666666666666666,4.3857107,15,15.0,1,0,1.4,1.0,happy,1,0.0,Vlog
top_1_likes_8500000_id_7461297586738154798,0.0,6.348154,13,13.0,1,0,11.6,10.8,happy,0,0.0,Vlog
top_14_likes_1900000_id_7400546786047298846,0.0,8.037006,10,10.0,1,0,2.0,1.8,happy,1,0.0,Vlog
normal_4_likes_17400_id_7558248534412152077,0.1111111111111111,7.433119,18,18.0,1,0,1.2,1.6,neutral,1,0.0,Vlog
normal_12_likes_51000_id_7557068031394991415,0.0,4.9251184,18,18.0,1,0,2.4,1.8,angry,1,0.0,Vlog
top_22_likes_1400000_id_7505030969712217366,0.0,3.3785415,21,21.0,1,0,2.4,1.2,neutral,1,0.4404,Fitness
normal_22_likes_47900_id_7239370205254929710,0.0,4.0501037,39,39.0,1,0,4.0,2.0,neutral,1,0.0,Vlog
normal_34_likes_22700_id_7538142607772257550,0.2666666666666666,5.303231,15,15.0,1,0,5.8,1.4,happy,1,0.3612,Vlog
normal_19_likes_17300_id_7556592560974646541,0.9411764705882352,3.972064,17,17.0,1,0,1.4,1.2,sad,1,0.0,Fitness
top_21_likes_1400000_id_7516905495962209558,0.3043478260869565,7.107788,23,23.0,1,0,1.8,1.2,fear,1,0.0,Fitness
top_51_likes_747700_id_7562737445322706184,0.0833333333333333,5.0068955,12,12.0,1,0,1.6,1.4,happy,0,0.0,Vlog
normal_44_likes_59100_id_7303636279936322862,0.0161290322580645,3.61183,62,62.0,1,0,3.4,2.0,happy,1,0.0,Vlog
normal_40_likes_27500_id_7416040047637433630,0.5454545454545454,7.3405724,11,11.0,1,0,1.2,1.0,neutral,1,0.3612,Vlog
normal_10_likes_83700_id_7546779048593181965,0.0,6.970975,11,11.0,1,0,1.0,1.0,sad,0,0.0,Vlog
normal_27_likes_15400_id_7557131004574436622,0.1842105263157894,5.027501,38,38.0,1,0,3.6,3.0,sad,0,0.0,Fashion
normal_25_likes_57200_id_7558207954617453832,0.1818181818181818,6.3882947,22,22.0,0,0,2.0,1.0,happy,1,0.0,Vlog
normal_61_likes_59200_id_7557534743001074974,0.0,11.5914,10,10.0,1,0,1.0,1.4,fear,1,0.0,Vlog
top_80_likes_458400_id_7560178872621288718,0.0,3.4718106,29,29.0,1,0,2.8,1.0,neutral,1,0.0,Vlog
normal_1_likes_76400_id_7549938079100931341,0.2127659574468085,4.272751,47,47.0,1,0,1.6,1.0,sad,1,0.9439,Vlog
normal_74_likes_42000_id_7526832928811207991,0.1216216216216216,0.6378197,74,74.0,0,0,1.8,1.0,happy,1,0.0,Vlog
normal_17_likes_91400_id_7538643019420142903,0.1428571428571428,2.0108297,14,14.0,1,0,2.2,1.0,neutral,0,0.0,Vlog
top_75_likes_475700_id_7518015832954326294,0.2,5.513701,40,40.0,1,0,4.0,1.2,neutral,1,0.0,Gaming
normal_64_likes_10600_id_7483001771346922794,0.0222222222222222,6.19085,45,45.0,1,0,1.8,1.2,fear,1,-0.6408,Gaming
normal_30_likes_37900_id_7493347618081475886,0.0,15.708682,13,13.0,1,0,2.0,1.0,angry,1,0.0,Vlog
top_61_likes_630400_id_7501786655280336150,0.4583333333333333,5.5992584,24,24.0,1,0,1.6,1.0,neutral,1,0.0,Gaming
top_9_likes_2000000_id_7538175287809379604,0.0,3.8590004,8,8.0,1,0,1.4,1.0,neutral,1,0.0,Vlog
top_39_likes_865900_id_7528483160141597982,0.0,7.21566,11,11.0,1,0,3.8,1.0,neutral,1,0.0,Fashion
normal_58_likes_76600_id_7525596263971114270,0.0,6.0558014,11,11.0,1,0,2.8,2.0,happy,1,0.992,Vlog
normal_69_likes_91200_id_7533276670954884407,0.0,5.3631005,22,22.0,1,0,3.0,1.0,sad,1,0.5766,Vlog
normal_71_likes_52200_id_7433507168529304862,0.0476190476190476,11.759534,21,21.0,1,0,1.0,1.0,sad,1,0.0,Fashion
top_8_likes_2100000_id_7552319522443709716,0.0625,4.580878,16,16.0,1,0,5.0,1.6,angry,1,0.0,Vlog
normal_70_likes_63900_id_7483228758514896174,0.0,4.328274,17,17.0,1,0,2.0,1.0,neutral,0,0.0,Vlog
top_65_likes_572600_id_7541312762547408183,0.0,3.7826436,21,21.0,1,0,1.4,1.2,sad,0,0.0,Vlog
normal_78_likes_65800_id_7561456867231206711,0.0,3.3677704,12,12.0,1,0,1.0,1.0,sad,1,0.9517,Fashion
normal_98_likes_113000_id_7560114759442484487,0.0769230769230769,10.549938,13,13.0,1,0,1.0,1.0,happy,0,0.0,Beauty
top_59_likes_661500_id_7552941212647361800,0.0,4.938123,9,9.0,1,0,1.0,1.0,neutral,1,0.0,Vlog
top_79_likes_457900_id_7561418302761766166,0.1052631578947368,7.429908,19,19.0,1,0,2.0,1.0,angry,1,0.0,Unboxing
top_69_likes_563200_id_7553427159684156690,0.0,4.423722,14,14.0,1,0,2.2,2.2,neutral,1,0.0,Vlog
normal_90_likes_21700_id_7558690687093460279,0.3333333333333333,2.9096358,12,12.0,1,0,1.2,1.0,neutral,1,0.0,Musik
normal_23_likes_59200_id_7555904765448768781,0.0,4.628973,12,12.0,1,0,1.4,1.0,fear,1,0.0,Vlog
top_11_likes_2000000_id_7554767993666915615,0.0,3.195335,15,15.0,1,0,2.8,1.0,neutral,1,0.0,Vlog
top_58_likes_656000_id_7533687190707047701,0.0,3.7378685,16,16.0,1,0,1.2,1.2,sad,1,0.0,Vlog
normal_9_likes_9707_id_7559684939684400414,0.081081081081081,10.241051,37,37.0,0,0,1.4,1.4,happy,1,0.7506,Musik
top_26_likes_1300000_id_7494637665753713942,0.0,5.349029,17,17.0,1,0,6.4,1.0,neutral,1,0.0,Prank
normal_65_likes_74500_id_7560117671044451598,0.0,2.8533235,11,11.0,1,0,2.0,1.2,neutral,0,0.0,Fashion
normal_53_likes_37000_id_7559227794656398605,0.1818181818181818,7.159359,22,22.0,1,0,2.4,1.2,sad,1,0.0,Vlog
top_18_likes_1700000_id_7461341656470637867,0.0,9.691022,16,16.0,1,0,1.4,1.2,happy,0,0.0,Vlog
normal_93_likes_61900_id_7537411459005828407,0.1764705882352941,9.829831,17,17.0,1,0,5.4,2.0,sad,1,0.91,Vlog
normal_21_likes_23000_id_7532257687514451213,0.1111111111111111,9.546712,18,18.0,1,0,3.0,1.2,angry,1,0.3182,Vlog
normal_15_likes_61700_id_7558916935388335374,0.0,11.96112,42,42.0,1,0,12.4,15.8,sad,1,0.0,Vlog
normal_13_likes_14100_id_7564088602234309918,0.125,7.9634094,24,24.0,1,0,6.2,3.8,sad,1,0.0,Gaming
top_28_likes_1300000_id_7545647280955690253,0.0,8.306133,14,14.0,1,0,2.4,2.8,neutral,1,0.0,Vlog
top_52_likes_720500_id_7511706784608898326,0.0,6.267982,22,22.0,1,0,4.4,1.4,neutral,1,0.0,Prank
top_86_likes_412100_id_7561459495809846542,0.0,7.6658964,9,9.0,1,0,4.2,4.4,neutral,1,0.0,Fashion
top_12_likes_1900000_id_7556096007285591351,0.25,3.1479132,12,12.0,1,0,1.0,1.0,angry,0,0.0,Vlog
top_71_likes_513600_id_7553827710083009799,0.0625,4.350546,16,16.0,1,0,3.2,2.6,happy,1,0.0,Vlog
top_6_likes_2200000_id_7538179148267703572,0.0,4.7305346,15,15.0,1,0,4.2,1.8,happy,1,-0.8402,Vlog
top_23_likes_1400000_id_7477048558412139806,0.0666666666666666,4.554646,15,15.0,1,0,2.0,1.6,happy,1,0.0,Vlog
top_64_likes_601600_id_7491043786580135214,0.15,3.556495,20,20.0,1,0,4.6,1.0,neutral,1,0.0,Fashion
top_87_likes_413000_id_7562270156576148750,0.0,12.097389,15,15.0,1,0,1.8,1.0,fear,1,0.0,Vlog
top_40_likes_888800_id_7546649356707876109,0.0,6.875557,11,11.0,1,0,2.2,1.0,neutral,1,-0.9509,Vlog
normal_45_likes_34400_id_7564156976251325703,0.0857142857142857,7.166003,35,35.0,1,0,1.4,1.0,angry,0,0.0,Vlog
top_7_likes_2200000_id_7554865877619969294,0.0,15.305161,7,7.0,1,0,1.6,1.0,neutral,1,0.0,Vlog
top_29_likes_1100000_id_7498051752504151339,0.0,5.7888937,6,6.0,1,1,2.0,1.4,happy,1,0.0,Vlog
top_62_likes_615500_id_7539684741776248119,0.0,4.0774617,7,7.0,1,0,1.6,1.0,happy,1,0.9718,Vlog
top_67_likes_585900_id_7531096947776671006,0.0,1.3685455,8,8.0,1,0,1.0,1.0,sad,1,0.0,Vlog
normal_16_likes_16300_id_7556493693121744142,0.0,3.1040268,15,15.0,1,0,3.0,1.0,neutral,1,0.0,Vlog
top_34_likes_977600_id_7555647477790035208,0.0,5.439821,7,7.0,1,0,2.0,2.0,neutral,1,0.0,Vlog
top_4_likes_3700000_id_7515083249782181163,0.0,5.763993,15,15.0,1,0,2.4,1.4,happy,1,0.0,Fashion
top_38_likes_926700_id_7521737810315939085,0.1111111111111111,6.352855,18,18.0,1,0,2.0,1.0,sad,0,0.0,Vlog
top_77_likes_476200_id_7552328634359368981,0.2142857142857142,4.194823,14,14.0,1,0,1.6,1.0,sad,0,0.0,Vlog
top_17_likes_1700000_id_7461348964126706987,0.0,6.528947,16,16.0,1,0,1.4,1.0,sad,0,0.0,Vlog
normal_73_likes_27100_id_7535131930182815031,0.0,11.613597,22,22.0,1,0,6.8,17.2,neutral,1,0.5267,Vlog
top_60_likes_669700_id_7560100504492150030,0.0,3.1848872,15,15.0,1,0,1.8,1.0,neutral,1,0.6124,Vlog
normal_66_likes_55200_id_7557540715673373966,0.0,5.416225,7,7.0,1,0,1.6,1.2,neutral,1,0.7925,Vlog
top_15_likes_1800000_id_7553396193309560071,0.0,4.875516,8,8.0,1,0,1.4,1.0,neutral,0,0.0,Vlog
top_33_likes_1000000_id_7556023299734605111,0.0,2.2358515,8,8.0,1,0,1.2,1.0,happy,1,0.9178,Fashion
normal_54_likes_26200_id_7564186910306913550,0.1333333333333333,9.262704,15,15.0,1,0,3.4,2.0,neutral,1,-0.7506,Vlog
top_2_likes_7000000_id_7544520710744558903,0.0909090909090909,6.7596297,11,11.0,1,0,2.8,1.0,sad,1,0.0,Vlog
top_3_likes_4300000_id_7538167343642397973,0.0,3.1949298,7,7.0,1,0,1.0,1.0,sad,1,0.0,Vlog
normal_76_likes_34000_id_7538577100836539703,0.0,4.17287,7,7.0,1,0,1.2,1.0,fear,1,0.0,Vlog
top_31_likes_980000_id_7533694357220707605,0.0,6.2276917,16,16.0,1,0,1.0,1.0,neutral,1,0.0,Vlog
normal_31_likes_15900_id_7483004941213322542,0.15,2.2640996,20,20.0,1,0,1.0,1.2,happy,0,0.0,Vlog
top_24_likes_1400000_id_7461455484957216046,0.0,4.7846456,8,8.0,1,0,11.0,9.0,happy,1,0.0,Vlog
normal_8_likes_109500_id_7561213627798277384,0.0,3.355252,12,12.0,1,0,1.0,1.0,happy,1,0.0,Vlog
top_91_likes_387800_id_7546980162093534478,0.0,4.834162,22,22.0,1,0,1.8,1.0,sad,1,0.3612,Vlog
normal_52_likes_62500_id_7527804631657794846,0.1,7.18453,10,10.0,1,0,1.4,1.0,surprise,1,-0.4404,Vlog
normal_51_likes_21100_id_7533277722089442590,0.0,6.7046742,7,7.0,1,0,1.2,1.0,surprise,1,0.0,Vlog
normal_87_likes_11900_id_7563719605663862029,0.3636363636363636,7.4033127,11,11.0,1,0,2.2,1.4,happy,1,0.0,Fitness
top_55_likes_726800_id_7556358877843868941,0.1428571428571428,9.530679,7,7.0,1,0,3.8,2.0,sad,1,0.2263,Vlog
